보증_고유키,금융회사코드,금융회사명,상품종류,상품유형,금융상품코드,금융상품명
보증_0,2,KDB산업은행,목돈모으기,정기적금,100239000101,KDB 기업정기적금
보증_1,2,KDB산업은행,목돈모으기,정기적금,100238000101,KDB 자유적금
보증_2,2,KDB산업은행,목돈굴리기,정기예금,100237000101,KDB 정기예금
보증_3,2,KDB산업은행,입출금자유상품,자유입출금,100024000101,KDB뉴딜 기업통장
보증_4,2,KDB산업은행,입출금자유상품,자유입출금,100016000101,KDB Hi 비대면 입출금통장
보증_5,2,KDB산업은행,입출금자유상품,자유입출금,100014000101,KDB Hi 입출금통장
보증_6,2,KDB산업은행,입출금자유상품,자유입출금,100015000101,KDBdream Account
보증_7,2,KDB산업은행,입출금자유상품,자유입출금,0221100000,KDB부가가치세 매입자 납부전용예금
보증_8,2,KDB산업은행,목돈굴리기,정기예금,100038000101,일반 정기예금
보증_9,2,KDB산업은행,목돈모으기,정기적금,100025000101,일반 정기적금
보증_10,2,KDB산업은행,입출금자유상품,자유입출금,100011000201,행복지킴이 통장
보증_11,2,KDB산업은행,단기 운용상품,기타,100077000101,양도성 예금증서(CD)
보증_12,2,KDB산업은행,외화예금,외화예금,100205000101,하이플러스 외화정기예금
보증_13,2,KDB산업은행,외화예금,외화예금,100203000101,외화정기예금
보증_14,2,KDB산업은행,외화예금,외화예금,100202000101,외화보통예금
보증_15,2,KDB산업은행,외화예금,외화예금,100201000101,외화당좌예금
보증_16,2,KDB산업은행,입출금자유상품,자유입출금,100011000301,KDB 국민연금 안심(安心)통장
보증_17,2,KDB산업은행,목돈굴리기,정기예금,100229000101,콜옵션부(Callable) 구조화 정기예금
보증_18,2,KDB산업은행,입출금자유상품,자유입출금,100011000401,KDB 호국보훈지킴이통장
보증_19,2,KDB산업은행,입출금자유상품,자유입출금,100018000101,KDBdream 기업 Account
보증_20,2,KDB산업은행,입출금자유상품,자유입출금,100081000101,보증서담보대출 입금전용 보통예금
보증_21,3,IBK기업은행,자유적립식,적금,01211210113,IBK D-day적금
보증_22,3,IBK기업은행,자유적립식,적금,01211210102,IBK평생한가족통장[적금_자유적립식]
보증_23,3,IBK기업은행,"일시예치식,채권",,01511810025,IBK D-Day통장(단기중금채)
보증_24,3,IBK기업은행,"일시예치식,채권",,01511830082,1석7조통장(중금채)
보증_25,3,IBK기업은행,"자유적립식,채권",,01511880014,IBK 늘푸른하늘통장[적립식중금채]
보증_26,3,IBK기업은행,"일시예치식,채권",,01511830078,IBK평생한가족통장[중금채]
보증_27,3,IBK기업은행,자유적립식,적금,01211210109,i-ONE 놀이터적금
보증_28,3,IBK기업은행,자유적립식,저축,01211290101,주택청약종합저축
보증_29,3,IBK기업은행,일시예치식,예금,01211310130,1석7조통장(정기예금)
보증_30,3,IBK기업은행,수시입출금식,입출금,01111020063,IBK W소확행통장(입출금식)
보증_31,3,IBK기업은행,수시입출금식,입출금,01111020058,IBK썸통장(입출금식)
보증_32,3,IBK기업은행,"자유적립식,혼합식,채권",,01511880012,IBK W소확행통장[적립식중금채]
보증_33,3,IBK기업은행,"자유적립식,채권",,01511880005,1석7조통장[적립식중금채]
보증_34,3,IBK기업은행,"일시예치식,채권",,01511810018,할인맞춤채권(단기중금채_개인)
보증_35,3,IBK기업은행,"자유적립식,채권",,01511880003,IBK적립식중금채(개인)
보증_36,3,IBK기업은행,수시입출금식,,01111030029,IBK내사업처음통장
보증_37,3,IBK기업은행,"일시예치식,채권",,01511830097,IBK중기근로자우대중금채
보증_38,3,IBK기업은행,수시입출금식,,01111010516,중진공 정책자금 전용통장
보증_39,3,IBK기업은행,자유적립식,,01211210125,IBK청년도약계좌
보증_40,3,IBK기업은행,수시입출금식,,01111010080,IBK중기근로자급여파킹통장
보증_41,3,IBK기업은행,일시예치식,예금,01211310140,IBK혁신창업기업응원통장[실세금리정기예금]
보증_42,3,IBK기업은행,"일시예치식,채권",,01511830096,IBK혁신창업기업응원통장[중소기업금융채권]
보증_43,3,IBK기업은행,자유적립식,적금,01211210124,IBK부모급여우대적금
보증_44,3,IBK기업은행,자유적립식,적금,01211210122,IBK중기근로자우대적금
보증_45,3,IBK기업은행,자유적립식,적금,01211210121,IBK탄소제로적금
보증_46,3,IBK기업은행,수시입출금식,,01111020073,IBK장병급여안심통장
보증_47,3,IBK기업은행,수시입출금식,,01111020071,IBK도토리통장
보증_48,3,IBK기업은행,수시입출금식,,01111010078,i-ONE U 통장
보증_49,3,IBK기업은행,정액적립식,,01211220034,IBK ALL바른기업통장(정기적립식)
보증_50,3,IBK기업은행,"자유적립식,채권",,01511880017,직장인우대MY통장(적립식중금채)
보증_51,3,IBK기업은행,수시입출금식,저축,01111020070,IBK취업이룸통장(저축예금)
보증_52,3,IBK기업은행,자유적립식,,01211220033,IBK ALL바른기업통장(자유적립식)
보증_53,3,IBK기업은행,일시예치식,예금,01211310136,IBK ALL바른기업통장(실세금리정기예금)
보증_54,3,IBK기업은행,"일시예치식,채권",,01511830093,IBK ALL바른기업통장(중금채)
보증_55,3,IBK기업은행,수시입출금식,,01111010076,IBK임금채권전용통장
보증_56,3,IBK기업은행,수시입출금식,,01111010077,IBK주택연금지킴이통장
보증_57,3,IBK기업은행,수시입출금식,,01111020069,IBK주거래생활금융통장
보증_58,3,IBK기업은행,자유적립식,적금,01211210116,IBK생활금융적금
보증_59,3,IBK기업은행,자유적립식,적금,01211210115,IBK첫만남통장(적금)
보증_60,3,IBK기업은행,"일시예치식,채권",,01511830092,IBK첫만남통장(중금채)
보증_61,3,IBK기업은행,자유적립식,적금,01211210114,IBK I LOVE KOREA(정기적금)
보증_62,3,IBK기업은행,"자유적립식,채권",,01511880015,IBK LG페이통장(적립식중금채)
보증_63,3,IBK기업은행,수시입출금식,입출금,01111010072,IBK 늘푸른하늘통장[입출금식]
보증_64,3,IBK기업은행,정액적립식,적금,01211220032,IBK늘푸른하늘통장(기업)[적금]
보증_65,3,IBK기업은행,"일시예치식,채권",,01511830090,IBK 늘푸른하늘통장[거치식]
보증_66,3,IBK기업은행,수시입출금식,,01111020067,IBK 군인연금평생안심통장
보증_67,3,IBK기업은행,"정액적립식,채권",,01511880300,IBK스마트적립식중금채
보증_68,3,IBK기업은행,수시입출금식,,01111020065,IBK 간편한 통장
보증_69,3,IBK기업은행,수시입출금식,,01111010070,IBK희망지킴이통장
보증_70,3,IBK기업은행,수시입출금식,,01111010071,IBK 성공의 법칙 통장
보증_71,3,IBK기업은행,정액적립식,적금,01211220031,IBK 성공의 법칙 적금
보증_72,3,IBK기업은행,일시예치식,예금,01211310134,IBK 성공의 법칙 예금(실세금리정기예금)
보증_73,3,IBK기업은행,일시예치식,예금,01511810023,IBK 성공의 법칙 예금(단기중금채(기업))
보증_74,3,IBK기업은행,일시예치식,예금,01511830089,IBK 성공의 법칙 예금(복리채)
보증_75,3,IBK기업은행,수시입출금식,입출금,01111010069,IBK W소확행통장(입출금식)
보증_76,3,IBK기업은행,"자유적립식,채권",,01511880011,IBK카카오페이통장[적립식중금채]
보증_77,3,IBK기업은행,자유적립식,적금,01211210112,IBK장병내일준비적금
보증_78,3,IBK기업은행,자유적립식,저축,01211290102,청년 우대형 주택청약종합저축
보증_79,3,IBK기업은행,자유적립식,적금,01211210111,W효도적금
보증_80,3,IBK기업은행,"일시예치식,채권",,01511830085,중소기업금융채권
보증_81,3,IBK기업은행,"일시예치식,채권",,01511810019,할인맞춤채권(단기중금채_기업)
보증_82,3,IBK기업은행,일시예치식,예금,01211310129,#All4biz 예금[실세금리정기예금]
보증_83,3,IBK기업은행,채권,예금,01511830081,#All4biz 예금[중금채]
보증_84,3,IBK기업은행,수시입출금식,,01111020059,i-미래통장
보증_85,3,IBK기업은행,"자유적립식,채권",,01511880004,IBK적립식중금채(기업)
보증_86,3,IBK기업은행,자유적립식,적금,01211210110,IBK썸통장[적금]
보증_87,3,IBK기업은행,자유적립식,적금,01211220028,IBK성공맞춤적금
보증_88,3,IBK기업은행,일시예치식,예금,01211310127,i-ONE 놀이터예금
보증_89,3,IBK기업은행,수시입출금식,,01111010601,IBK부가가치세 매입자 납부전용통장
보증_90,3,IBK기업은행,수시입출금식,,01111020057,IBK호국보훈지킴이통장
보증_91,3,IBK기업은행,일시예치식,예금,01211310122,IBK변동금리예금&중금채(실세금리정기예금) [만기지급식]
보증_92,3,IBK기업은행,일시예치식,예금,01211310123,IBK변동금리예금&중금채(실세금리정기예금) [이자지급식]
보증_93,3,IBK기업은행,"일시예치식,채권",예금,01511830079,IBK변동금리예금&중금채(중금채)
보증_94,3,IBK기업은행,자유적립식,적금,01211210106,희망 e-룸 변동금리적금
보증_95,3,IBK기업은행,수시입출금식,,01111010062,IBK주식거래 캐시백통장
보증_96,3,IBK기업은행,수시입출금식,,01111020054,IBK 공무원연금 평생안심통장
보증_97,3,IBK기업은행,수시입출금식,입출금,01111010061,IBK나라사랑통장[입출금식]
보증_98,3,IBK기업은행,수시입출금식,,01111010060,IBK평생주거래기업통장
보증_99,3,IBK기업은행,자유적립식,적금,01211210104,IBK미소드림적금
보증_100,3,IBK기업은행,정액적립식,적금,01211210103,IBK평생한가족통장[적금_정액적립식]
보증_101,3,IBK기업은행,일시예치식,예금,01211310121,IBK평생한가족통장[정기예금]
보증_102,3,IBK기업은행,자유적립식,적금,01211210097,IBK평생든든자유적금
보증_103,3,IBK기업은행,수시입출금식,,01111030506,IBK하도급지킴이통장
보증_104,3,IBK기업은행,자유적립식,적금,01211210095,IBK사랑나눔적금
보증_105,3,IBK기업은행,수시입출금식,입출금,01111010051,IBK I LOVE KOREA [입출금식]
보증_106,3,IBK기업은행,일시예치식,예금,01211310109,보험품은 정기예금
보증_107,3,IBK기업은행,수시입출금식,,01111010046,IBK유치원&어린이집우대통장
보증_108,3,IBK기업은행,수시입출금식,,01111010044,IBK평생설계통장
보증_109,3,IBK기업은행,수시입출금식,,01111020044,IBK국민연금안심통장
보증_110,3,IBK기업은행,정액적립식,적금,01211210081,IBK군인적금
보증_111,3,IBK기업은행,정액적립식,적금,01211210077,독도는 우리땅통장 [정기적금]
보증_112,3,IBK기업은행,수시입출금식,,01111010039,IBK행복지킴이통장
보증_113,3,IBK기업은행,자유적립식,적금,01211210069,독도는 우리땅통장[IBK월복리자유적금]
보증_114,3,IBK기업은행,정액적립식,,01211220021,상호부금
보증_115,3,IBK기업은행,자유적립식,적금,01211210068,IBK월복리자유적금
보증_116,3,IBK기업은행,일시예치식,예금,01211310089,IBK회전정기예금
보증_117,3,IBK기업은행,정액적립식,,01211220004,주거래기업부금(정액적립식)
보증_118,3,IBK기업은행,자유적립식,,01211220005,주거래기업부금(자유적립식)
보증_119,3,IBK기업은행,일시예치식,예금,01211310003,실세금리정기예금
보증_120,3,IBK기업은행,수시입출금식,예금,01111030003,IBK플러스기업자유예금
보증_121,3,IBK기업은행,일시예치식,예금,01211320001,양도성예금증서 [CD]
보증_122,3,IBK기업은행,일시예치식,,01211330001,표지어음
보증_123,3,IBK기업은행,수시입출금식,예금,01111030001,기업자유예금
보증_124,3,IBK기업은행,정액적립식,적금,01211210002,가계우대정기적금 [정액적금]
보증_125,3,IBK기업은행,정액적립식,적금,01211210001,정기적금 [정액적금]
보증_126,3,IBK기업은행,수시입출금식,저축,01111020001,저축예금
보증_127,3,IBK기업은행,일시예치식,예금,01211310001,정기예금
보증_128,3,IBK기업은행,수시입출금식,예금,01111010001,보통예금
보증_129,7,수협,예금,거치식예금,D00200,Sh첫만남우대예금
보증_130,7,수협,예금,정기예금,D00190,Sh해양플라스틱Zero!법인예금
보증_131,7,수협,예금,거치식예금,D00175,헤이(Hey)정기예금
보증_132,7,수협,예금,자유적립식/정액적립식예금,D00169,Sh해양플라스틱Zero!적금
보증_133,7,수협,예금,거치식예금,D00168,Sh해양플라스틱Zero!예금
보증_134,7,수협,예금,자유적립식/정액적립식예금(택1),D00131,Sh보고싶다!명태야적금II(개인)
보증_135,7,수협,예금,자유적립식/정액적립식예금(택1),D00132,Sh보고싶다!명태야적금II(기업)
보증_136,7,수협,예금,적립식예금,D00011,Sh월복리자유적금
보증_137,7,수협,예금,적립식예금,D00035,더플러스정액적금
보증_138,7,수협,예금,적립식예금,D00032,더플러스자유적금Ver.2
보증_139,7,수협,예금,거치식예금,D00058,사랑해정기예금(실세금리정기예금)
보증_140,7,수협,예금,적립식예금,D00074,신자유부금
보증_141,7,수협,예금,거치식예금,D00037,독도사랑예금
보증_142,7,수협,예금,적립식예금,D00102,파트너가계적금
보증_143,7,수협,예금,정액적립식,D00206,Sh똑똑한우리아이적금
보증_144,7,수협,예금,입출금이자유로운예금,D00202,Sh매일받는통장
보증_145,7,수협,예금,정액적립식/자유적립식예금,D00174,헤이(Hey)적금
보증_146,7,수협,예금,정액적립식예금,D00180,Real적금
보증_147,7,수협,예금,입출금이자유로운예금,D00179,Real통장
보증_148,7,수협,예금,입출금이자유로운예금,D00148,Sh내가만든통장
보증_149,7,수협,예금,입출금이자유로운예금,D00143,잇(it)딴주머니통장
보증_150,7,수협,예금,정액적립식예금,D00145,여행적금
보증_151,7,수협,예금,자유적립식예금,D00137,Sh평화수호적금
보증_152,7,수협,예금,입출금이자유로운예금,D00015,Sh평생주거래우대통장
보증_153,7,수협,예금,자유적립식,D00207,Sh어촌청년을응원海
보증_154,7,수협,예금,입출금이자유로운예금,D00204,Sh해양플라스틱Zero!법인MMDA
보증_155,7,수협,예금,입출금이자유로운예금,D00193,Sh해양플라스틱Zero!법인입출금통장
보증_156,7,수협,예금,입출금이자유로운예금,D00189,Sh취업이룸통장
보증_157,7,수협,예금,입출금이자유로운예금,D00188,Sh주택연금지킴이통장
보증_158,7,수협,예금,입출금이자유로운예금,D00172,Sh다!모아기업자금관리통장
보증_159,7,수협,예금,입출금이자유로운예금,D00152,Sh군인연금평생안심통장
보증_160,7,수협,예금,입출금이자유로운예금,D00151,좋은수!Sh주거래기업통장
보증_161,7,수협,예금,입출금이자유로운예금,D00142,Sh고마워요!하도급지킴이통장
보증_162,7,수협,예금,자유적립식예금,D00139,Sh장병내일준비적금
보증_163,7,수협,예금,입출금이자유로운예금,D00133,Sh보증서대출전용통장
보증_164,7,수협,예금,입출금이자유로운예금,D00127,Sh海우리패키지통장
보증_165,7,수협,예금,거치식예금,D00013,Sh평생주거래우대예금
보증_166,7,수협,예금,적립식예금,D00007,Sh100세만기자유적금
보증_167,7,수협,예금,거치식예금,D00052,사랑해나누리예금
보증_168,7,수협,예금,적립식예금(정액적립식),D00018,Sh행복한미래적금
보증_169,7,수협,예금,입출금이자유로운예금,D00004,Every-Day기업예금
보증_170,7,수협,예금,입출금이자유로운예금,D00057,사랑해사장님통장
보증_171,7,수협,예금,입출금이자유로운예금,D00008,Sh공무원연금평생안심통장
보증_172,7,수협,예금,입출금이자유로운예금,D00069,수협국민연금안심통장
보증_173,7,수협,예금,입출금이자유로운예금,D00065,샐러리맨리치예금
보증_174,7,수협,예금,거치식예금,D00124,어촌복지예금(거치식예금)
보증_175,7,수협,예금,입출금이자유로운예금,D00123,어촌복지예금(입출금이자유로운예금)
보증_176,7,수협,예금,입출금이자유로운예금,D00050,사랑해기업통장
보증_177,7,수협,예금,입출금이자유로운예금,D00158,가계당좌예금
보증_178,7,수협,예금,입출금이자유로운예금,D00157,당좌예금
보증_179,7,수협,예금,거치식예금,D00156,노후보장정기예금
보증_180,7,수협,예금,거치식예금,D00155,표지어음
보증_181,7,수협,예금,,D00120,비과세종합저축
보증_182,7,수협,예금,적립식예금,D00096,정기적금
보증_183,7,수협,예금,거치식예금,D00094,일반정기예금
보증_184,7,수협,예금,입출금이자유로운예금,D00093,저축예금
보증_185,7,수협,예금,입출금이자유로운예금,D00079,어민사랑예금
보증_186,7,수협,예금,거치식예금,D00078,양도성예금증서
보증_187,7,수협,예금,적립식예금,D00062,상호부금
보증_188,7,수협,예금,입출금이자유로운예금,D00044,보통예금
보증_189,7,수협,예금,적립식예금,D00038,독도사랑학생부금
보증_190,7,수협,예금,입출금이자유로운예금,D00022,기업자유예금
보증_191,34,광주은행,,,DEP20231123001,365파킹통장
보증_192,34,광주은행,,,DEP20231114001,중도해지 괜찮Wa예금
보증_193,34,광주은행,,,DEP20230922002,텔레파시적금
보증_194,34,광주은행,,,DEP20230922001,The플러스예금
보증_195,34,광주은행,,,DEP20230906001,VIP플러스적금
보증_196,34,광주은행,,,DEP20230614001,KJB청년도약계좌
보증_197,34,광주은행,,,DEP20230605001,법인파트너통장
보증_198,34,광주은행,,,DEP20230209001,굿스타트예금
보증_199,34,광주은행,,,DEP20220802001,모임적금
보증_200,34,광주은행,,,DEP20220718001,여행스케치_남도투어적금
보증_201,34,광주은행,,,DEP20220520002,전남청년미래적금
보증_202,34,광주은행,,,DEP20220520001,해피라이프_여행스케치적금Ⅴ
보증_203,34,광주은행,,,DEP20220225001,쏠쏠한MY디지털적금
보증_204,34,광주은행,,,DEP20220214002,당선기원통장
보증_205,34,광주은행,,,DEP20210923001,저금통적금
보증_206,34,광주은행,,,DEP20210923002,행운박스예금
보증_207,34,광주은행,,,DEP20210607001,KJB주택연금 지킴이 통장
보증_208,34,광주은행,,,DEP20210602001,당좌예금
보증_209,34,광주은행,,,DEP20210602002,가계당좌예금
보증_210,34,광주은행,,,DEP20210428001,불타는청춘통장
보증_211,34,광주은행,,,DEP20210428002,불타는청춘적금
보증_212,34,광주은행,,,DEP20210423001,쏠쏠한MY통장
보증_213,34,광주은행,,,DEP20200206001,내통장
보증_214,34,광주은행,,,DEP20190730001,아이키움통장Ⅱ
보증_215,34,광주은행,,,DEP20190730002,아이키움적금Ⅱ
보증_216,34,광주은행,,,DEP20190627001,KJB군인연금 평생안심통장
보증_217,34,광주은행,,,DEP20190208001,KJB산재보험급여 희망지킴이통장
보증_218,34,광주은행,,,DEP20181015001,Y적금
보증_219,34,광주은행,,,DEP20181015002,Y-Like통장
보증_220,34,광주은행,,,DEP20180828001,KJB장병내일준비적금
보증_221,34,광주은행,,,DEP20101019001,스마트모아Dream정기적금
보증_222,34,광주은행,,,DEP20101101026,스마트모아Dream정기예금
보증_223,34,광주은행,,,DEP20170713002,KJB주거래적금II
보증_224,34,광주은행,,,DEP20101101005,새희망적금
보증_225,34,광주은행,,,DEP20150107001,꿈모아매일적금
보증_226,34,광주은행,,,DEP20110413002,일반정기적금
보증_227,34,광주은행,,,DEP20180330001,KJB 보증서 담보대출 입금전용계좌
보증_228,34,광주은행,,,DEP20110413001,상호부금
보증_229,34,광주은행,,,DEP20171224001,KJB부가가치세 매입자 납부전용통장
보증_230,34,광주은행,,,DEP20170420001,보통예금
보증_231,34,광주은행,,,DEP20170420002,저축예금
보증_232,34,광주은행,,,DEP20160920001,양도성예금증서(CD)
보증_233,34,광주은행,,,DEP20151229001,공무원연금 평생안심통장
보증_234,34,광주은행,,,DEP20150126001,해외송금전용통장(Auto Transfer Account)
보증_235,34,광주은행,기업자유예금,,DEP20131223001,광주 하도급지킴이 기업통장
보증_236,34,광주은행,,,DEP20130129001,KJB국민연금 안심(安心)통장
보증_237,34,광주은행,,,DEP20111010001,표지어음
보증_238,34,광주은행,,,DEP20110819001,미즈월복리정기예금
보증_239,34,광주은행,,,DEP20110404001,KJB행복지킴이 통장
보증_240,34,광주은행,,,DEP20101101009,KJB아파트사랑정기예금
보증_241,34,광주은행,,,DEP20101101011,플러스안심CD
보증_242,34,광주은행,,,DEP20101101014,뱅크라인통장
보증_243,34,광주은행,,,DEP20101101017,황금보너스예금
보증_244,34,광주은행,,,DEP20101101019,기업자유예금
보증_245,34,광주은행,,,DEP20101101020,일반정기예금
보증_246,34,광주은행,,,DEP20101101027,비즈니스클래스 통장
보증_247,34,광주은행,,,DEP20101101029,불타는청춘예금
보증_248,34,광주은행,,,DEP20101101030,플러스다모아예금
보증_249,34,광주은행,,,DEP20101101031,플러스회전정기예금
보증_250,34,광주은행,,,DEP20110102001,기업황금보너스예금
보증_251,35,제주은행,정기예금,정기예금,,스마일드림정기예금
보증_252,35,제주은행,정기적금(자유적립식),정기적금(자유적립식),,탐이나요적금
보증_253,35,제주은행,정기적금(자유적립식),정기적금(자유적립식),,김만덕나눔적금
보증_254,35,제주은행,정기예금,정기예금,,J 정기예금
보증_255,35,제주은행,,,,MZ플랜 적금
보증_256,35,제주은행,"보통예금, 저축예금","보통예금, 저축예금",,탐나는 J 주거래 통장
보증_257,35,제주은행,"보통예금, 기업자유예금, 저축예금","보통예금, 기업자유예금, 저축예금",,탐나는 J 사업자 통장
보증_258,35,제주은행,"보통예금, 저축예금","보통예금, 저축예금",,탐나는 J 연금 통장
보증_259,35,제주은행,"보통예금, 저축예금","보통예금, 저축예금",,탐나는 J 직장인 통장
보증_260,35,제주은행,보통예금,보통예금,,J 간편한통장
보증_261,35,제주은행,저축예금,저축예금,,제주 군인연금 평생안심통장
보증_262,35,제주은행,저축예금,저축예금,,제주희망지킴이통장
보증_263,35,제주은행,정기적금(자유적립식),정기적금(자유적립식),,제주은행 장병내일준비적금
보증_264,35,제주은행,보통예금,보통예금,,JJB 보증서 담보대출 입금전용계좌
보증_265,35,제주은행,"보통예금, 기업자유예금(MMDA제외)","보통예금, 기업자유예금(MMDA제외)",,탐나는 J 법인통장
보증_266,35,제주은행,"보통예금, 기업자유예금(MMDA 제외)","보통예금, 기업자유예금(MMDA 제외)",,탐나는 J 임의단체통장
보증_267,35,제주은행,정기예금,정기예금,,제주DREAM 정기예금
보증_268,35,제주은행,적립식예금(정기적립식),적립식예금(정기적립식),,새희망키움적금
보증_269,35,제주은행,적립식예금(자유적립식),적립식예금(자유적립식),,모아모아 월복리적금
보증_270,35,제주은행,적립식예금(정기적립식),적립식예금(정기적립식),,이어도사랑적금
보증_271,35,제주은행,적립식예금(자유적립식),적립식예금(자유적립식),,행복을 가꾸는 통장
보증_272,35,제주은행,적립식예금(자유적립식),적립식예금(자유적립식),,매일모아부금
보증_273,35,제주은행,적립식예금(정기적립식),적립식예금(정기적립식),,정기적금
보증_274,35,제주은행,저축예금,저축예금,,365고수익예금-가계형
보증_275,35,제주은행,기업자유예금,기업자유예금,,365고수익예금-기업형
보증_276,35,제주은행,"보통예금, 저축예금","보통예금, 저축예금",,멤버쉽통장
보증_277,35,제주은행,보통예금,보통예금,,BIG증권거래예금
보증_278,35,제주은행,저축예금,저축예금,,제주 국민연금 안심통장
보증_279,35,제주은행,저축예금,저축예금,,제주 행복지킴이 통장
보증_280,35,제주은행,저축예금,저축예금,,제주공무원연금 평생안심통장
보증_281,35,제주은행,"보통예금, 저축예금, 기업자유예금","보통예금, 저축예금, 기업자유예금",,제은 모아팩 서비스
보증_282,35,제주은행,"보통예금, 저축예금, 기업자유예금","보통예금, 저축예금, 기업자유예금",,뱅크라인통장
보증_283,35,제주은행,저축예금,저축예금,,스쿨뱅킹 전용통장
보증_284,35,제주은행,"보통예금, 저축예금, 가계당좌예금, 당좌예금, 기업자유예금","보통예금, 저축예금, 가계당좌예금, 당좌예금, 기업자유예금",,사업자성공통장
보증_285,35,제주은행,저축예금,저축예금,,저축예금
보증_286,35,제주은행,보통예금,보통예금,,보통예금
보증_287,35,제주은행,기업자유예금,기업자유예금,,기업자유예금
보증_288,35,제주은행,정기예금,정기예금,,정기예금
보증_289,35,제주은행,,,,퇴직연금정기예금
보증_290,35,제주은행,정기예금,정기예금,,ISA(개인종합자산관리계좌)정기예금
보증_291,35,제주은행,표지어음,표지어음,,표지어음
보증_292,35,제주은행,단기금융상품,단기금융상품,,양도성예금증서(CD)
보증_293,35,제주은행,"보통예금, 저축예금, 가계당좌예금, 기업자유예금","보통예금, 저축예금, 가계당좌예금, 기업자유예금",,한마음종합통장
보증_294,35,제주은행,보통예금,보통예금,,당선기원통장
보증_295,35,제주은행,국고예금,국고예금,,국고예금
보증_296,37,전북은행,저축예금,저축예금,10011002100430000,씨드모아 통장(저축)
보증_297,37,전북은행,저축예금,저축예금,10011002100410000,JB 언택트 통장(저축)
보증_298,37,전북은행,"보통예금, 저축예금","보통예금, 저축예금",10011002100011007,JB PLUS YOUNG 통장(저축)
보증_299,37,전북은행,저축예금,저축예금,10011002100380000,JB MY금고
보증_300,37,전북은행,"보통예금, 저축예금","보통예금, 저축예금",10011002100011001,JB 주거래통장(저축)
보증_301,37,전북은행,저축예금,저축예금,10011002100340000,JB 아이 꿈 통장
보증_302,37,전북은행,"보통예금, 저축예금","보통예금, 저축예금",10011002100011006,JB 모임통장(저축)
보증_303,37,전북은행,저축예금,저축예금,10011002100011005,JB 최강전북축구사랑통장(저축)
보증_304,37,전북은행,보통예금,보통예금,10011001300230000,JB SMART-APP 통장
보증_305,37,전북은행,"보통예금, 저축예금","보통예금, 저축예금",10011002100011002,JB 골든에이지 통장(저축)
보증_306,37,전북은행,보통예금,보통예금,10011001300010000,보통예금
보증_307,37,전북은행,보통예금,보통예금,10011001300210000,JB Bravo KOREA 통장
보증_308,37,전북은행,저축예금,저축예금,10011002100010000,저축예금
보증_309,37,전북은행,저축예금,저축예금,10011002100080000,JB 행복지킴이 통장(저축예금)
보증_310,37,전북은행,저축예금,저축예금,10011002100310000,JB국민연금안심통장
보증_311,37,전북은행,정기적금(정액적립식),정기적금(정액적립식),10013003100460000,JB슈퍼씨드 적금(정액적립식)
보증_312,37,전북은행,정기적금(정액적립식),정기적금(정액적립식),10013003100360000,JB다이렉트적금(정액적립식)
보증_313,37,전북은행,정기적금(자유적립식),정기적금(자유적립식),10013003100180000,JB다이렉트적금(자유적립식)
보증_314,37,전북은행,정기적금(정액적립식),정기적금(정액적립식),10013003100240000,JB 참 괜찮은 정기적금
보증_315,37,전북은행,정기적금(정액적립식),정기적금(정액적립식),10013003100010000,정기적금(정액적립식)
보증_316,37,전북은행,정기적금(자유적립식),정기적금(자유적립식),10013003100290000,JB 아이 꿈 적금
보증_317,37,전북은행,정기적금(자유적립식),정기적금(자유적립식),10013003100300000,JB 주거래 적금(단리형)
보증_318,37,전북은행,정기적금(자유적립식),정기적금(자유적립식),10013003100310000,JB 주거래 적금(월복리형)
보증_319,37,전북은행,정기적금(자유적립식),정기적금(자유적립식),10013003100320000,JB 마이플랜 적금
보증_320,37,전북은행,정기적금(정액적립식),정기적금(정액적립식),10013003100270000,JB 여행스토리적금
보증_321,37,전북은행,정기적금(정액적립식),정기적금(정액적립식),10013003100370000,JB카드재테크적금(정액적립식)
보증_322,37,전북은행,정기적금(자유적립식),정기적금(자유적립식),10013003100440000,JB청년도약계좌
보증_323,37,전북은행,정기적금(자유적립식),정기적금(자유적립식),10013003100330000,JB Smart-App 적금
보증_324,37,전북은행,정기적금(정액적립식),정기적금(정액적립식),10013003100380000,JB 골든에이지 적금 (정액적립식)
보증_325,37,전북은행,정기적금(자유적립식),정기적금(자유적립식),10013003100350000,JB PLUS YOUNG 적금(자유적립식)
보증_326,37,전북은행,정기적금(정액적립식),정기적금(정액적립식),10013003100410000,JB 다같이 으쓱(ESG) 적금
보증_327,37,전북은행,상호부금(정액적립식),상호부금(정액적립식),10013003900050000,시장금리부 상호부금
보증_328,37,전북은행,상호부금(정액적립식),상호부금(정액적립식),10013003900010000,상호부금
보증_329,37,전북은행,정기예금,정기예금,10012002400590000,JB 1·2·3 정기예금
보증_330,37,전북은행,정기예금,정기예금,10012002400460000,JB다이렉트예금
보증_331,37,전북은행,정기예금,정기예금,10012002400560000,JB Smart-App 예금
보증_332,37,전북은행,정기예금,정기예금,10012002400540000,JB 주거래 예금
보증_333,37,전북은행,정기예금,정기예금,10012002400300000,JB시니어우대예금
보증_334,37,전북은행,시장금리부정기예금,시장금리부정기예금,10012002400420021,스마트 정기예금
보증_335,37,전북은행,정기예금,정기예금,10012002400470000,JB회전정기예금
보증_336,37,전북은행,정기예금,정기예금,10012002400520000,JB 참 괜찮은 정기예금
보증_337,37,전북은행,정기예금,정기예금,10012002400500000,JB 골든에이지 예금
보증_338,37,전북은행,시장금리부정기예금,시장금리부정기예금,10012002400390000,JB FUN 세이브 통장
보증_339,37,전북은행,시장금리부정기예금,시장금리부정기예금,10012002400380000,시장금리부 정기예금
보증_340,37,전북은행,정기예금,정기예금,10012002400090000,맞춤형 자유만기 정기예금
보증_341,39,경남은행,정기예금,정기예금,0000209549,The 든든 예금
보증_342,39,경남은행,정기예금,정기예금,0000209569,BNK MY 원 픽 정기예금
보증_343,39,경남은행,적금,"일 1천원 이상 ~ 10만원 이하 (자유적립식, 상품 최초가입 시 매영업일 자동이체 필수, 저축횟수는 999회 이내)",0000209247,오늘도 세이브 적금
보증_344,39,경남은행,적금,적금,0000202492,BNK 위더스WithUs 자유적금
보증_345,39,경남은행,입출금통장,"보통예금, 저축예금, 자유저축예금 ※ 단, 자유저축예금은 전환가입만 가능합니다.",0000020188,BNK모바일입출금통장
보증_346,39,경남은행,적금,적금,0000206467,경남은행 청년도약계좌
보증_347,39,경남은행,정기예금,정기예금,0000202428,BNK주거래우대정기예금
보증_348,39,경남은행,정기예금,정기예금,0000020177,BNK더조은정기예금
보증_349,39,경남은행,적금,고객당 1만원이상 월 500만원이내에서 자유롭게 저축(최대 저축횟수는 999회 이내),0000020178,BNK더조은자유적금
보증_350,39,경남은행,주택청약,주택청약,0000201410,주택청약종합저축
보증_351,39,경남은행,적금,적금,0000017123,행복Dream적금
보증_352,39,경남은행,적금,적금,0000203966,함께100년 연금적금
보증_353,39,경남은행,정기예금,정기예금,0000203967,함께100년 연금예금
보증_354,39,경남은행,적금,정액적립식,0000203950,주거래 프리미엄 적금
보증_355,39,경남은행,적금,적금,0000017025,캠퍼스드림적금
보증_356,39,경남은행,적금,적금,0000202719,창원 청년내일통장
보증_357,39,경남은행,적금,자유적립식,0000017030,마니마니자유적금
보증_358,39,경남은행,정기예금,정기예금,0000017042,마니마니정기예금
보증_359,39,경남은행,적금,적금,0000017031,정기적금
보증_360,39,경남은행,정기예금,정기예금,0000017040,정기예금
보증_361,39,경남은행,적금,자유적립식,0000203687,경남 상생공제 적금
보증_362,39,경남은행,입출금통장,입출금통장,0000203965,함께100년 연금통장
보증_363,39,경남은행,주택청약,주택청약,0000201892,청년우대형 주택청약종합저축
보증_364,39,경남은행,적금,적금,0000017126,희망모아적금
보증_365,39,경남은행,적금,적금,0000203122,주니어Dream적금
보증_366,39,경남은행,적금,적금,0000017032,상호부금
보증_367,39,경남은행,정기예금,정기예금,0000017041,장기회전정기예금
보증_368,39,경남은행,입출금통장,입출금통장,0000202422,원포인트통장
보증_369,39,경남은행,입출금통장,입출금통장,0000017105,보통예금
보증_370,39,경남은행,적금,적금,0000202034,경남은행 장병내일준비적금
보증_371,39,경남은행,입출금통장,입출금통장,0000205524,온앤오프 통장
보증_372,39,경남은행,입출금통장,입출금통장,0000017103,일일베스트예금
보증_373,39,경남은행,입출금통장,입출금통장,0000017106,저축예금
보증_374,39,경남은행,적금,적금,0000017125,탄탄성공적금
보증_375,39,경남은행,입출금통장,입출금통장,0000017104,기업베스트예금
보증_376,39,경남은행,입출금통장,입출금통장,0000017086,공무원연금 평생안심통장
보증_377,39,경남은행,입출금통장,입출금통장,0000017100,행복지킴이 통장
보증_378,39,경남은행,입출금통장,입출금통장,0000202426,튼튼기업통장
보증_379,39,경남은행,입출금통장,입출금통장,0000017110,뱅크라인통장
보증_380,39,경남은행,적금,적금,0000017033,신자유부금
보증_381,39,경남은행,입출금통장,입출금통장,0000017109,기업자유예금
보증_382,39,경남은행,입출금통장,입출금통장,0000017090,행복한 아파트통장
보증_383,39,경남은행,입출금통장,입출금통장,0000017101,국민연금안심통장
보증_384,39,경남은행,입출금통장,입출금통장,0000017087,BNK희망지킴이통장
보증_385,39,경남은행,입출금통장,입출금통장,0000017115,다이렉트 해외송금통장
보증_386,39,경남은행,입출금통장,입출금통장,0000017108,당좌예금
보증_387,39,경남은행,입출금통장,입출금통장,0000202721,군인연금 평생안심통장
보증_388,39,경남은행,입출금통장,입출금통장,0000200612,당선통장
보증_389,39,경남은행,입출금통장,입출금통장,0000017107,가계당좌예금
보증_390,39,경남은행,시장금리연동,시장금리연동,0000017238,표지어음
보증_391,39,경남은행,시장금리연동,시장금리연동,0000017133,환매조건부매도(RP)
보증_392,39,경남은행,시장금리연동,시장금리연동,0000017132,양도성예금증서CD
보증_393,39,경남은행,정기예금,정기예금,0000206178,퇴직연금전용 정기예금
보증_394,45,새마을금고,기업전용,기업전용,,MG기업정기예금B
보증_395,45,새마을금고,기업전용,기업전용,,MG기업정기예금A
보증_396,45,새마을금고,입출금이자유로운,입출금이자유로운,,MG취업이룸통장
보증_397,45,새마을금고,MG더뱅킹,MG더뱅킹,,MG더뱅킹자유적금
보증_398,45,새마을금고,MG더뱅킹,MG더뱅킹,,MG더뱅킹정기적금
보증_399,45,새마을금고,MG더뱅킹,MG더뱅킹,,MG더뱅킹정기예금
보증_400,45,새마을금고,입출금이자유로운,입출금이자유로운,,MG오늘도청춘통장
보증_401,45,새마을금고,정액적립식,정액적립식,,우리아기첫걸음정기적금
보증_402,45,새마을금고,입출금이자유로운,입출금이자유로운,,상상모바일통장
보증_403,45,새마을금고,입출금이자유로운,입출금이자유로운,,MG군인연금평생안심통장
보증_404,45,새마을금고,정액적립식,정액적립식,,MG뛰어라정기적금
보증_405,45,새마을금고,입출금이자유로운,입출금이자유로운,,MG희망지킴이통장
보증_406,45,새마을금고,거치식,거치식,,자유자재 정기예금II
보증_407,45,새마을금고,거치식,거치식,,MG주거래우대정기예금
보증_408,45,새마을금고,입출금이자유로운,입출금이자유로운,,MG호국보훈지킴이통장
보증_409,45,새마을금고,입출금이자유로운,입출금이자유로운,,MG주거래우대통장
보증_410,45,새마을금고,자유적립식,자유적립식,,MG주거래우대자유적금
보증_411,45,새마을금고,입출금이자유로운,입출금이자유로운,,MG여성만세예금
보증_412,45,새마을금고,거치식,거치식,,Block예금
보증_413,45,새마을금고,입출금이자유로운,입출금이자유로운,,화수분Ⅱ통장
보증_414,45,새마을금고,입출금이자유로운,입출금이자유로운,,MG생활비통장
보증_415,45,새마을금고,입출금이자유로운,입출금이자유로운,,20비타민 예금
보증_416,45,새마을금고,입출금이자유로운,입출금이자유로운,,MG사업자우대통장
보증_417,45,새마을금고,입출금이자유로운,입출금이자유로운,,MG하도급지킴이통장
보증_418,45,새마을금고,거치식,거치식,,꿈드림회전정기예탁금
보증_419,45,새마을금고,입출금이자유로운,입출금이자유로운,,MG국민연금안심통장
보증_420,45,새마을금고,정액적립식,정액적립식,,MG New정기적금
보증_421,45,새마을금고,자유적립식,자유적립식,,Smart 자유적립적금
보증_422,45,새마을금고,자유적립식,자유적립식,,MG월복리자유적금
보증_423,45,새마을금고,거치식,거치식,,MG공동구매정기예금
보증_424,45,새마을금고,입출금이자유로운,입출금이자유로운,,MG행복지킴이통장
보증_425,45,새마을금고,자유적립식,자유적립식,,My꿈모아자유적금
보증_426,45,새마을금고,입출금이자유로운,입출금이자유로운,,자신만만자유예탁금
보증_427,45,새마을금고,자유적립식,자유적립식,,꿈모아상호부금
보증_428,45,새마을금고,입출금이자유로운,입출금이자유로운,,온라인자립예탁금
보증_429,45,새마을금고,입출금이자유로운,입출금이자유로운,,온라인보통예탁금
보증_430,45,새마을금고,입출금이자유로운,입출금이자유로운,,듬뿍기업자유예탁금
보증_431,45,새마을금고,자유적립식,자유적립식,,일일자유적금
보증_432,45,새마을금고,자유적립식,자유적립식,,자유적립적금
보증_433,45,새마을금고,정액적립식,정액적립식,,정기적금
보증_434,45,새마을금고,거치식,거치식,,정기예탁금
보증_435,71,우체국,적립식 예금(자유적립식),적금,310109600101,달달하이(high)적금
보증_436,71,우체국,거치식 예금,예금,200109200101,초록별사랑정기예금
보증_437,71,우체국,거치식 예금,예금,200108800101,시니어싱글벙글정기예금
보증_438,71,우체국,거치식 예금,예금,200108000101,우체국편리한e정기예금
보증_439,71,우체국,적립식 예금,적금,310104300101,우체국매일모아e적금
보증_440,71,우체국,적립식 예금 (자유적립식),적금,310102600101,우체국가치모아적금
보증_441,71,우체국,입출금이 자유로운 예금,입출금,110107600101,우체국 청년미래든든 통장
보증_442,71,우체국,거치식 예금,예금,200107800101,우체국파트너든든정기예금
보증_443,71,우체국,입출금이 자유로운 예금,입출금,100107900101,우체국 페이든든+ 통장
보증_444,71,우체국,입출금이 자유로운 예금,입출금,110104700101,우체국 생활든든 통장
보증_445,71,우체국,적립식 예금 (자유적립식),적금,310103500101,다드림적금
보증_446,71,우체국,입출금이 자유로운 예금,입출금,110103501101,우체국다드림통장(베이직)
보증_447,71,우체국,입출금이 자유로운 예금,입출금,110103501201,우체국다드림통장(주니어)
보증_448,71,우체국,입출금이 자유로운 예금,입출금,110103501301,"우체국다드림통장(직장인,사업자)"
보증_449,71,우체국,입출금이 자유로운 예금,입출금,110103501401,우체국다드림통장(실버)
보증_450,71,우체국,거치식 예금,예금,210000100101,우체국퇴직연금정기예금
보증_451,71,우체국,입출금이 자유로운 예금,입출금,120103300101,기업든든MMDA통장
보증_452,71,우체국,거치식 예금,예금,200100200101,2040+α정기예금
보증_453,71,우체국,적립식 예금 (자유적립식),적금,310100200101,2040+α자유적금
보증_454,71,우체국,거치식 예금,예금,200100500101,e-Postbank정기예금
보증_455,71,우체국,입출금이 자유로운 예금,입출금,110100500101,e-Postbank예금
보증_456,71,우체국,거치식 예금,예금,200107500101,챔피언정기예금
보증_457,71,우체국,입출금이 자유로운 예금,입출금,120104000101,듬뿍우대저축
보증_458,71,우체국,적립식 예금 (정기적립식),적금,300000100101,정기적금
보증_459,71,우체국,,입출금,110000100101,저축예금
보증_460,71,우체국,거치식 예금,예금,200000100101,정기예금
보증_461,71,우체국,입출금이 자유로운 예금,입출금,100000100101,보통예금
보증_462,81,하나은행,정기예금,정기예금,spb_2811_1479088_115126,하나의 정기예금
보증_463,81,하나은행,정기예금,정기예금,spb_2811_1419664_115126,행복knowhow 연금예금
보증_464,81,하나은행,정기예금,정기예금,spb_2811_1419602_115126,정기예금
보증_465,81,하나은행,정기예금,양도성예금증서,spb_2811_1419604_115126,양도성예금증서(CD)
보증_466,81,하나은행,정기예금,표지어음,spb_2811_1419605_115126,표지어음
보증_467,81,하나은행,정기예금,정기예금,spb_2811_1419635_115126,1년 연동형 정기예금
보증_468,81,하나은행,적금,,spb_2812_1455929_115157,급여하나 월복리 적금
보증_469,81,하나은행,적금,,spb_2812_1461831_115157,(내맘) 적금
보증_470,81,하나은행,적금,,spb_2812_1455928_115157,연금하나 월복리 적금
보증_471,81,하나은행,적금,,spb_2812_1455927_115157,주거래하나 월복리 적금
보증_472,81,하나은행,적금,,spb_2812_1452125_115157,(아이) 꿈하나 적금
보증_473,81,하나은행,적금,,spb_2812_1450446_115157,내집마련 더블업(Double-Up)적금
보증_474,81,하나은행,적금,,spb_2812_1452858_115157,도전365 적금
보증_475,81,하나은행,적금,,spb_2812_1419695_115157,주택청약종합저축
보증_476,81,하나은행,적금,,spb_2812_1419744_115157,함께하는 사랑 적금
보증_477,81,하나은행,적금,,spb_2812_1419704_115157,행복나눔 적금
보증_478,81,하나은행,적금,,spb_2812_1495010_115157,트래블로그 여행 적금
보증_479,81,하나은행,적금,,spb_2812_1490214_115157,하나 아이키움 적금
보증_480,81,하나은행,적금,,spb_2812_1486817_115157,부자씨 적금
보증_481,81,하나은행,적금,,spb_2812_1478571_115157,하나 타이밍 적금
보증_482,81,하나은행,적금,,spb_2812_1463826_115157,평생 군인 적금
보증_483,81,하나은행,적금,,spb_2812_1480907_115157,희망저축계좌I
보증_484,81,하나은행,적금,,spb_2812_1481603_115157,희망저축계좌II
보증_485,81,하나은행,적금,,spb_2812_1470313_115157,손님케어 적금
보증_486,81,하나은행,적금,,spb_2812_1447942_115157,자유적금
보증_487,81,하나은행,적금,,spb_2812_1455802_115157,청년 우대형 주택청약종합저축
보증_488,81,하나은행,적금,,spb_2812_1456099_115157,하나 장병내일준비 적금
보증_489,81,하나은행,적금,,spb_2812_1492613_115157,대전시미래두배청년통장
보증_490,81,하나은행,적금,,spb_2812_1419756_115157,미래행복통장
보증_491,81,하나은행,적금,,spb_2812_1419754_115157,하나 미소드림 적금
보증_492,81,하나은행,적금,,spb_2812_1419712_115157,상호부금
보증_493,81,하나은행,적금,,spb_2812_1483304_115157,청년내일저축계좌
보증_494,81,하나은행,입출금이 자유로운 예금,,spb_2813_1455931_115188,연금하나 통장
보증_495,81,하나은행,입출금이 자유로운 예금,,spb_2813_1455930_115188,주거래하나 통장
보증_496,81,하나은행,입출금이 자유로운 예금,,spb_2813_1420085_115188,하나 플러스 통장
보증_497,81,하나은행,입출금이 자유로운 예금,,spb_2813_1494114_115188,경기기회사다리 통장
보증_498,81,하나은행,입출금이 자유로운 예금,,spb_2813_1486288_115188,네이버페이 머니 하나 통장
보증_499,81,하나은행,입출금이 자유로운 예금,,spb_2813_1479141_115188,하나 취업이룸 통장
보증_500,81,하나은행,입출금이 자유로운 예금,,spb_2813_1474579_115188,하나 주택연금 지킴이 통장
보증_501,81,하나은행,입출금이 자유로운 예금,,spb_2813_1420106_115188,사업자 주거래 우대통장
보증_502,81,하나은행,입출금이 자유로운 예금,,spb_2813_1420115_115188,함께하는 사랑 통장
보증_503,81,하나은행,입출금이 자유로운 예금,,spb_2813_1420108_115188,하나 국민연금 안심(安心)통장
보증_504,81,하나은행,입출금이 자유로운 예금,,spb_2813_1420118_115188,하나 희망지킴이 통장
보증_505,81,하나은행,입출금이 자유로운 예금,,spb_2813_1420124_115188,하나 퇴직공제금 지킴이 통장
보증_506,81,하나은행,입출금이 자유로운 예금,,spb_2813_1420126_115188,하나 공무원연금 평생안심통장
보증_507,81,하나은행,입출금이 자유로운 예금,,spb_2813_1420117_115188,하도급협력대금 통장
보증_508,81,하나은행,입출금이 자유로운 예금,,spb_2813_1420077_115188,보통예금
보증_509,81,하나은행,입출금이 자유로운 예금,,spb_2813_1420083_115188,증권저축계좌(제휴증권사 국내/해외주식)
보증_510,81,하나은행,입출금이 자유로운 예금,,spb_2813_1433958_115188,기업자유예금
보증_511,81,하나은행,입출금이 자유로운 예금,,spb_2813_1420089_115188,하나 행복지킴이 통장
보증_512,81,하나은행,입출금이 자유로운 예금,,spb_2813_1420087_115188,수퍼플러스
보증_513,27,시티은행,적금 (자유적립식),적금 (자유적립식),1816,씨티더드림 적금(신규판매중단)
보증_514,27,시티은행,입출금이 자유로운 예금,입출금이 자유로운 예금,2647,씨티 레벨업통장(신규판매중단)
보증_515,27,시티은행,입출금이 자유로운 예금,입출금이 자유로운 예금,2600,씨티클리어통장(신규판매중단)
보증_516,27,시티은행,입출금이 자유로운 예금,입출금이 자유로운 예금,2646,씨티더하기통장(신규판매중단)
보증_517,27,시티은행,정기예금,정기예금,3126,프리스타일예금(신규판매중단)
보증_518,27,시티은행,입출금이 자유로운 예금,입출금이 자유로운 예금,289150,Citi자산관리통장(신규판매중단)
보증_519,27,시티은행,입출금이 자유로운 예금,입출금이 자유로운 예금,2633,참 착한 통장(신규판매중단)
보증_520,27,시티은행,큰 여유자금일수록 이자가 플러스 되는 입출금이 자유로운 씨티 참 착한 플러스 통장,큰 여유자금일수록 이자가 플러스 되는 입출금이 자유로운 씨티 참 착한 플러스 통장,2635,참 착한 플러스 통장(신규판매중단)
보증_521,27,시티은행,적금 (자유적립식),적금 (자유적립식),1814,원더풀 산타 적금(신규판매중단)
보증_522,27,시티은행,적금 (자유적립식),적금 (자유적립식),1813,원더풀 라이프 적금(신규판매중단)
보증_523,27,시티은행,법인과 개인사업자의 일시 여유 자금을 은행에 예치하여 수시로 입출금을 편리하게 이용할 수 있는 저축성 예금,법인과 개인사업자의 일시 여유 자금을 은행에 예치하여 수시로 입출금을 편리하게 이용할 수 있는 저축성 예금,2416,참 착한 기업 통장(신규판매중단)
보증_524,27,시티은행,"가입대상, 예치금액, 예치기간, 입출금 횟수 등에 아무런 제한 없이 자유롭게 거래할 수 있는 대표적인 입출금이 자유로운 예금","가입대상, 예치금액, 예치기간, 입출금 횟수 등에 아무런 제한 없이 자유롭게 거래할 수 있는 대표적인 입출금이 자유로운 예금",2533,보통예금(신규판매중단)
보증_525,27,시티은행,국민연금 수급자로서 급여를 받는 분의 기초 생활을 보장하기 위하여 타인에 의해 압류가 불가능 하도록 하여 예금을 보호해 주는 상품,국민연금 수급자로서 급여를 받는 분의 기초 생활을 보장하기 위하여 타인에 의해 압류가 불가능 하도록 하여 예금을 보호해 주는 상품,2510,씨티 국민연금안심통장(신규판매중단)
보증_526,27,시티은행,기초 생활을 보장하기 위하여 타인에 의해 압류가 불가능하도록 하여 예금을 보호해 주는 상품,기초 생활을 보장하기 위하여 타인에 의해 압류가 불가능하도록 하여 예금을 보호해 주는 상품,2509,행복지킴이 통장(신규판매중단)
보증_527,27,시티은행,서민의 재산형성을 돕기 위한 적립식 예금상품,서민의 재산형성을 돕기 위한 적립식 예금상품,141815,참 행복한 적금(신규판매중단)
보증_528,27,시티은행,외화 정기예금,외화 정기예금,3504,외화회전예금(신규판매중단)
보증_529,27,시티은행,외화 정기예금,외화 정기예금,3501,인터넷외화정기예금(신규판매중단)
보증_530,27,시티은행,입출금이 자유로운 외화예금,입출금이 자유로운 외화예금,0035,멀티외화예금(신규판매중단)
보증_531,27,시티은행,"＇참 편리한 자동해외송금＇은 ＇참 편리한 자동해외송금 통장＇에 송금 하고자 하는 금액을 원화로 입금하면, 입금 당일 자동으로 현지 통화(또는 지정 통화)로 해외 송금이 이루어지는 상품","＇참 편리한 자동해외송금＇은 ＇참 편리한 자동해외송금 통장＇에 송금 하고자 하는 금액을 원화로 입금하면, 입금 당일 자동으로 현지 통화(또는 지정 통화)로 해외 송금이 이루어지는 상품",2622,참 편리한 자동해외송금 통장(신규판매중단)
보증_532,20,우리은행,적금,목돈모으기상품,P010002353,WON 적금
보증_533,20,우리은행,적금,목돈모으기상품,P010002291,스무살 우리 정기적금 (도전형-정액적립식)
보증_534,20,우리은행,예금,목돈굴리기상품,P010002344,시니어플러스 우리예금(회전형)
보증_535,20,우리은행,예금,목돈굴리기상품,P010002343,시니어플러스 우리예금(즉시연금형)
보증_536,20,우리은행,적금,목돈모으기상품,P010002345,시니어플러스 우리적금(즉시연금형)
보증_537,20,우리은행,자유입출금,자유입출금상품,P010002328,첫급여 우리통장
보증_538,20,우리은행,적금,목돈모으기상품,P010002292,스무살 우리 자유적금 (절약형-자유적립식)
보증_539,20,우리은행,적금,목돈모으기상품,P010002347,시니어플러스 우리적금(증여우대형)
보증_540,20,우리은행,적금,목돈모으기상품,P010000109,우리 SUPER주거래 정기적금
보증_541,20,우리은행,적금,목돈모으기상품,P010000110,우리 SUPER주거래 자유적금
보증_542,20,우리은행,적금,목돈모으기상품,P010000225,우리사랑 정기적금
보증_543,20,우리은행,자유입출금,자유입출금상품,P010000025,우리닷컴통장
보증_544,20,우리은행,자유입출금,자유입출금상품,P010000167,우리직장인재테크통장(수수료우대형)
보증_545,20,우리은행,자유입출금,자유입출금상품,P010000060,우리아이행복통장
보증_546,20,우리은행,자유입출금,자유입출금상품,P010000011,우리 SUPER주거래 통장
보증_547,20,우리은행,주택청약,주택청약상품,P010000223,우리아이행복 주택청약종합저축
보증_548,20,우리은행,주택청약,"절세상품,주택청약상품",P010000240,주택청약종합저축
보증_549,20,우리은행,적금,목돈모으기상품,P010002517,N일 적금
보증_550,20,우리은행,적금,목돈모으기상품,P010002512,우리 청년도약계좌
보증_551,20,우리은행,외화예금,외화예금상품,P030000089,우아한 달러 적립예금
보증_552,20,우리은행,적금,목돈모으기상품,P010002507,우리 퍼스트 정기적금
보증_553,20,우리은행,적금,"기업전용상품,목돈모으기상품",P010002510,우리 사장님 활짝 핀 적금
보증_554,20,우리은행,적금,목돈모으기상품,P010002495,데일리 워킹 적금
보증_555,20,우리은행,적금,목돈모으기상품,P010002494,우리 아이행복 적금2
보증_556,20,우리은행,자유입출금,자유입출금상품,P010002492,우리 청년약속 통장
보증_557,20,우리은행,예금,목돈굴리기상품,P010002491,WON플러스 예금
보증_558,20,우리은행,외화예금,외화예금상품,P030000085,우리 항공결제대금 외화통장
보증_559,20,우리은행,자유입출금,자유입출금상품,P010002489,우리 항공결제대금 통장
보증_560,20,우리은행,자유입출금,자유입출금상품,P010002488,우리 국민연금 우대 통장
보증_561,20,우리은행,예금,목돈굴리기상품,P010002487,우리 첫거래우대 정기예금
보증_562,20,우리은행,적금,목돈모으기상품,P010002482,우리 (영업점명) 적금
보증_563,20,우리은행,자유입출금,자유입출금상품,P010002483,우리 WON 파킹 통장
보증_564,20,우리은행,자유입출금,자유입출금상품,P010002453,우리 취업이룸 통장
보증_565,20,우리은행,적금,목돈모으기상품,P010002448,우리 으쓱(ESG) 적금
보증_566,20,우리은행,자유입출금,자유입출금상품,P010002447,우리 으쓱(ESG) 통장
보증_567,20,우리은행,외화예금,외화예금상품,P030000082,우리 더(The)달러 외화적립예금
보증_568,20,우리은행,자유입출금,자유입출금상품,P010002442,우리 주택연금 지킴이 통장
보증_569,20,우리은행,자유입출금,자유입출금상품,P010002441,우리 임금채권 전용통장
보증_570,20,우리은행,자유입출금,자유입출금상품,P010002429,우리 크리에이터 우대 통장
보증_571,20,우리은행,적금,목돈모으기상품,P010002425,우리페이 적금
보증_572,20,우리은행,적금,목돈모으기상품,P010002406,우리 Magic 적금 by 롯데카드
보증_573,20,우리은행,적금,목돈모으기상품,P010002408,첫급여 우리적금
보증_574,20,우리은행,예금,목돈굴리기상품,P010002402,우리 SUPER 정기예금
보증_575,20,우리은행,예금,"기업전용상품,목돈굴리기상품",P010002385,WON 기업정기예금
보증_576,20,우리은행,자유입출금,"기업전용상품,자유입출금상품",P010002386,WON 기업통장
보증_577,20,우리은행,적금,목돈모으기상품,P010002373,우리 (업체명 임직원) 적금
보증_578,20,우리은행,자유입출금,"기업전용상품,자유입출금상품",P010002360,우리중견기업알파통장
보증_579,20,우리은행,자유입출금,"기업전용상품,자유입출금상품",P010002359,우리사장님e편한통장
보증_580,20,우리은행,자유입출금,자유입출금상품,P010002358,우리 군인연금 평생안심통장(압류방지)
보증_581,20,우리은행,자유입출금,자유입출금상품,P010002352,WON 통장
보증_582,20,우리은행,자유입출금,자유입출금상품,P010002342,시니어플러스 우리통장(연금형)
보증_583,20,우리은행,자유입출금,자유입출금상품,P010002341,시니어플러스 우리통장(급여형)
보증_584,20,우리은행,외화예금,외화예금상품,P030000074,우리 외화바로예금
보증_585,20,우리은행,적금,목돈모으기상품,P010002283,우리은행 장병내일준비적금
보증_586,20,우리은행,주택청약,"절세상품,주택청약상품",P010002293,청년 우대형 주택청약종합저축
보증_587,20,우리은행,적금,"기업전용상품,목돈모으기상품",P010000018,우리CUBE적금
보증_588,20,우리은행,예금,"기업전용상품,목돈굴리기상품",P010000111,우리CUBE정기예금
보증_589,20,우리은행,자유입출금,"기업전용상품,자유입출금상품",P010000034,우리CUBE통장
보증_590,20,우리은행,자유입출금,자유입출금상품,P010000003,WOORI G2B서비스 전용 통장
보증_591,20,우리은행,자유입출금,"기업전용상품,자유입출금상품",P010000039,위비즈 편의점 꿀통장
보증_592,20,우리은행,자유입출금,자유입출금상품,P010000088,우리 부가가치세 매입자 납부통장
보증_593,20,우리은행,예금,절세상품,P010000013,【일임형】개인종합자산관리계좌(ISA)
보증_594,20,우리은행,자유입출금,자유입출금상품,P010000064,호국보훈지킴이통장
보증_595,20,우리은행,자유입출금,자유입출금상품,P010000007,우리삼성CMA 보탬통장
보증_596,20,우리은행,예금,절세상품,P010000219,【신탁형】개인종합자산관리계좌(ISA)
보증_597,20,우리은행,자유입출금,자유입출금상품,P010000094,우리 공무원연금 평생안심통장
보증_598,20,우리은행,적금,목돈모으기상품,P010000016,우리미소드림적금
보증_599,20,우리은행,외화예금,외화예금상품,P030000021,글로벌 위안화 보통예금
보증_600,20,우리은행,외화예금,외화예금상품,P030000022,글로벌 위안화 자유적립예금
보증_601,20,우리은행,외화예금,외화예금상품,P030000023,글로벌 위안화 회전식 정기예금
보증_602,20,우리은행,예금,목돈굴리기상품,P010000210,오렌지 정기예금(12차) 자동연장형
보증_603,20,우리은행,자유입출금,자유입출금상품,P010000154,우리퇴직공제금지킴이통장
보증_604,20,우리은행,자유입출금,"기업전용상품,자유입출금상품",P010000216,우리동네 사장님 통장
보증_605,20,우리은행,적금,목돈모으기상품,P010000136,우리희망드림적금
보증_606,20,우리은행,자유입출금,자유입출금상품,P010000170,우리직장인재테크통장(금리우대형)
보증_607,20,우리은행,외화예금,외화예금상품,P030000017,환율CARE 외화적립예금
보증_608,20,우리은행,자유입출금,자유입출금상품,P010000363,국민연금안심통장
보증_609,20,우리은행,자유입출금,자유입출금상품,P010000401,우리실업급여지킴이통장
보증_610,20,우리은행,자유입출금,자유입출금상품,P010000127,우리희망지킴이통장
보증_611,20,우리은행,자유입출금,자유입출금상품,P010000125,우리사랑나누미통장
보증_612,20,우리은행,적금,목돈모으기상품,P010000399,우리사랑나누미적금
보증_613,20,우리은행,자유입출금,자유입출금상품,P010000289,우리동네 어린이집 통장
보증_614,20,우리은행,외화예금,외화예금상품,P030000019,우리ONE 회전식 복리 외화예금
보증_615,20,우리은행,자유입출금,자유입출금상품,P010000126,우리행복지킴이통장
보증_616,20,우리은행,예금,목돈굴리기상품,P010000364,CD plus예금
보증_617,20,우리은행,자유입출금,자유입출금상품,P010000321,고단백 MMDA
보증_618,20,우리은행,자유입출금,자유입출금상품,P010000413,해피라이프 퇴직연금 평생통장
보증_619,20,우리은행,예금,목돈굴리기상품,P010000196,정기예금
보증_620,20,우리은행,외화예금,외화예금상품,P030000015,해외로 외화적립예금
보증_621,20,우리은행,적금,목돈모으기상품,P010000054,마이스타일(My Style)자유적금
보증_622,20,우리은행,적금,목돈모으기상품,P010000301,우리자유적금
보증_623,20,우리은행,적금,목돈모으기상품,P010000305,정기적금
보증_624,20,우리은행,예금,목돈굴리기상품,P010000361,두루두루정기예금
보증_625,20,우리은행,자유입출금,자유입출금상품,P010000393,저축예금
보증_626,20,우리은행,자유입출금,"기업전용상품,자유입출금상품",P010000411,기업자유예금
보증_627,20,우리은행,외화예금,외화예금상품,P030000014,외화MMDA PLUS
보증_628,20,우리은행,자유입출금,자유입출금상품,P010000417,개인MMDA
보증_629,20,우리은행,자유입출금,"기업전용상품,자유입출금상품",P010000418,기업MMDA
보증_630,20,우리은행,외화예금,외화예금상품,P030000003,외화보통예금
보증_631,20,우리은행,외화예금,외화예금상품,P030000013,외화정기예금
보증_632,20,우리은행,자유입출금,"기업전용상품,자유입출금상품",P010000414,보통예금
보증_633,23,제일은행,예금,저축예금,mypay,내월급통장
보증_634,23,제일은행,예금,정기예금,8042,e-그린세이브예금
보증_635,23,제일은행,적금,적금,9051,퍼스트가계적금
보증_636,23,제일은행,적금,적금,906364,두드림적금
보증_637,23,제일은행,입출금,자유입출금통장,mysgn,SC제일 마이시그니처통장
보증_638,23,제일은행,입출금,자유입출금통장,myzoom,SC제일마이줌통장
보증_639,23,제일은행,입출금,자유입출금통장,mysimple,마이심플통장
보증_640,23,제일은행,입출금,자유입출금식,2023,두드림통장
보증_641,23,제일은행,입출금,자유입출금통장,46047,제일EZ통장
보증_642,23,제일은행,예금,저축예금,46045,내지갑통장
보증_643,23,제일은행,입출금,자유입출금통장,8065,마이플러스통장
보증_644,23,제일은행,예금,저축예금,2000,세이프저축예금
보증_645,23,제일은행,예금,정기예금,8055,퍼스트정기예금
보증_646,23,제일은행,입출금,자유입출금식,2007,e-클릭통장
보증_647,23,제일은행,,,2004,자녀사랑통장
보증_648,23,제일은행,입출금,자유입출금식,sc_happy,SC행복지킴이통장
보증_649,23,제일은행,예금,저축예금,sc_pension,SC국민연금안심통장
보증_650,23,제일은행,예금,예금,3002,가계당좌예금
보증_651,23,제일은행,적금,정액적립식적금 (매월 일정액을 일정일에 납입),sc_happy_n,SC행복적금
보증_652,23,제일은행,적금,"정기,자유적금",9051,퍼스트가계적금
보증_653,23,제일은행,적금,자유적립식 적금,906364,두드림적금
보증_654,23,제일은행,예금,정기예금,save_eco,SC제일 친환경비움예금
보증_655,23,제일은행,예금,정기예금,80#6263,드림정기예금
보증_656,23,제일은행,예금,정기예금,8035,퍼스트정기예금(회전식)
보증_657,23,제일은행,외화예금,자유적립식,8856,트리플외화예금
보증_658,23,제일은행,외화예금,자유입출예금,8503,초이스 외화보통예금
보증_659,23,제일은행,외화예금,자유입출예금,8500,외화보통예금
보증_660,23,제일은행,외화예금,정기예금,8800,외화정기예금
보증_661,32,부산은행,목돈만들기,정기적금(자유적립식),0010100188,부산형 내일채움공제적금
보증_662,32,부산은행,목돈만들기,자유적립식 적금,0010100175,BNK내맘대로 적금
보증_663,32,부산은행,목돈굴리기,정기예금,0010100174,BNK내맘대로 예금
보증_664,32,부산은행,목돈굴리기,정기예금,0010100168,저탄소 실천 예금
보증_665,32,부산은행,목돈만들기,자유적립식 적금,0010100167,저탄소 실천 적금
보증_666,32,부산은행,목돈굴리기,거치식예금,0010100160,더(The) 특판 정기예금
보증_667,32,부산은행,목돈굴리기,정기예금,0010100134,LIVE정기예금
보증_668,32,부산은행,일임형ISA,일임형 개인종합자산관리계좌,0010100126,일임형 개인종합자산관리계좌(ISA)
보증_669,32,부산은행,주택마련,주택청약종합저축,0010100117,주택청약종합저축
보증_670,32,부산은행,목돈굴리기,정기예금,0010100053,메리트정기예금
보증_671,32,부산은행,목돈만들기,정기적금,0010100031,BNK지역사랑자유적금
보증_672,32,부산은행,목돈만들기,정기적금,0010100029,가계우대정기적금
보증_673,32,부산은행,목돈만들기,적립식,0010100194,부산은행 장병내일준비적금
보증_674,32,부산은행,목돈굴리기,거치식 예금,0010100191,더(The) 레벨업 정기예금
보증_675,32,부산은행,목돈만들기,자유적립식 적금,0010100190,너만 Solo 적금
보증_676,32,부산은행,목돈만들기,자유적립식 적금,0010100189,부산은행 청년도약계좌
보증_677,32,부산은행,입출금자유,"자유저축예금 (단, MMDA 가입 불가)",0010100183,동백통장
보증_678,32,부산은행,목돈만들기,자유적립식 적금,0010100181,더(The)특판 적금 5회차
보증_679,32,부산은행,목돈굴리기,정기예금,0010100180,장기회전정기예금
보증_680,32,부산은행,입출금자유,자유저축예금 (1인 1계좌),0010100178,BNK취업이룸 통장
보증_681,32,부산은행,입출금자유,보통예금,0010100176,모임통장
보증_682,32,부산은행,입출금자유,자유저축예금 (1인 1계좌),0010100173,BNK사학연금 평생안심통장
보증_683,32,부산은행,입출금자유,"자유저축예금 (단, MMDA 계좌 제외)",0010100172,마!이통장
보증_684,32,부산은행,입출금자유,자유저축예금 (1인 1계좌),0010100171,BNK주택연금 지킴이 통장
보증_685,32,부산은행,입출금자유,자유저축예금 (1인 1계좌),0010100170,BNK임금채권 전용통장
보증_686,32,부산은행,입출금자유,기업자유예금,0010100162,기업자유예금
보증_687,32,부산은행,입출금자유,보통예금,0010100161,보통예금
보증_688,32,부산은행,목돈만들기,적립식,0010100158,펫 적금
보증_689,32,부산은행,입출금자유,"보통예금,자유저축예금, 기업자유예금(단, MMDA 제외)",0010100155,Only One 통장 (개인사업자)
보증_690,32,부산은행,입출금자유,자유저축예금 (1인 1통장),0010100154,부산은행 군인연금 평생안심통장
보증_691,32,부산은행,입출금자유,"보통예금, 기업자유예금 (단, MMDA 제외)",0010100153,Only One 기업통장
보증_692,32,부산은행,입출금자유,"보통예금, 자유저축예금, 기업자유예금 (단, MMDA 제외)",0010100152,Only One 통장 (개인)
보증_693,32,부산은행,입출금자유,자유저축예금 (MMDA 제외),0010100150,Only One 주니어 통장
보증_694,32,부산은행,판매중지상품,자유적립식 적금,0010100149,담뱃값 적금 (2021.09.10 판매중단)
보증_695,32,부산은행,입출금자유,자유저축예금 (1인 1통장),0010100148,부산은행 희망지킴이 통장
보증_696,32,부산은행,주택마련,주택청약종합저축,0010100142,청년 우대형 주택청약종합저축
보증_697,32,부산은행,입출금자유,입출금이 자유로운 예금(보통예금),0010100141,BNK보증부대출입금통장
보증_698,32,부산은행,판매중지상품,정기예금(거치식),0010100140,SUM 정기예금S (2021.09.10 판매중단)
보증_699,32,부산은행,판매중지상품,입출금이 자유로운 예금,0010100129,SUM 모바일통장 (2021.09.10 판매중단)
보증_700,32,부산은행,목돈굴리기,정기예금,0010100124,마이플랜 ISA 정기예금
보증_701,32,부산은행,입출금자유,자유저축예금(1인1통장),0010100123,공무원연금 평생안심통장
보증_702,32,부산은행,판매중지상품,보통예금,0010100108,BNK황금알통장
보증_703,32,부산은행,입출금자유,기업자유예금(MMDA),0010100104,BNK바운스기업통장
보증_704,32,부산은행,입출금자유,"보통예금,자유저축예금(MMDA 제외)",0010100099,BNK공직자우대통장
보증_705,32,부산은행,입출금자유,자유저축예금(1인 1통장),0010100095,BNK국민연금안심통장
보증_706,32,부산은행,입출금자유,"보통예금, 자유저축예금, 기업자유예금 (단, MMDA 제외)",0010100094,BNK행복한아파트통장
보증_707,32,부산은행,목돈만들기,정기적금,0010100093,BNK희망가꾸기적금
보증_708,32,부산은행,복합금융상품,,0010100082,BNK은퇴디자인 적금&펀드 적립 서비스
보증_709,32,부산은행,입출금자유,"자유저축예금 (단, MMDA 제외) 보통예금 (신규가입 불가, 기존 가입자에 한함)",0010100081,백세청춘 연금통장
보증_710,32,부산은행,목돈만들기,정기적금,0010100079,백세청춘 실버적금
보증_711,32,부산은행,목돈굴리기,정기예금,0010100077,마이플랜퇴직연금정기예금
보증_712,32,부산은행,입출금자유,자유저축예금(MMDA제외),0010100075,BNK행복지킴이통장
보증_713,32,부산은행,목돈굴리기,정기예금,0010100060,정기예금
보증_714,32,부산은행,목돈굴리기,,0010100056,환매조건부매도
보증_715,32,부산은행,목돈굴리기,,0010100055,표지어음매출
보증_716,32,부산은행,목돈굴리기,,0010100054,양도성예금증서
보증_717,32,부산은행,목돈굴리기,정기예금,0010100050,회전플러스정기예금
보증_718,32,부산은행,목돈굴리기,정기예금,0010100048,백세청춘 실버정기예금
보증_719,32,부산은행,목돈만들기,상호부금,0010100037,상호부금
보증_720,32,부산은행,목돈만들기,정기적금,0010100035,아이사랑자유적금
보증_721,32,부산은행,목돈만들기,정기적금,0010100028,정기적금
보증_722,32,부산은행,입출금자유,보통예금,0010100017,선거비용관리통장
보증_723,32,부산은행,입출금자유,"보통예금,자유저축예금",0010100016,종교우대통장
보증_724,32,부산은행,입출금자유,"자유저축예금, 기업자유예금",0010100010,초단기슈퍼통장
보증_725,32,부산은행,입출금자유,"보통예금,자유저축예금,기업자유예금",0010100009,뱅크라인통장
보증_726,32,부산은행,입출금자유,자유저축예금,0010100008,자유저축예금
보증_727,32,부산은행,판매중지상품,"보통예금,자유저축예금",0010100007,아이(i)꿈통장(2020.10.08 판매중단)
보증_728,32,부산은행,입출금자유,"보통예금,자유저축예금(MMDA 포함)",0010100001,BNK증권플러스통장
보증_729,11,농협은행,예금,,10000752,NH주거래우대통장
보증_730,11,농협은행,예금,자유입출금,10000752,NH페이모아통장
보증_731,11,농협은행,예금,자유입출식,10000752,채움공직자우대통장
보증_732,11,농협은행,예금,,10000752,NH1934우대통장
보증_733,11,농협은행,예금,,10000752,NH올원e예금
보증_734,11,농협은행,예금,일시예치,10000752,NH고향사랑기부예금
보증_735,11,농협은행,예금,,10000752,NH왈츠회전예금II
보증_736,11,농협은행,예금,,10000752,큰만족실세예금
보증_737,11,농협은행,예금,거치식예금,10000752,NH내가Green초록세상예금
보증_738,11,농협은행,적금,자유적립식 적금,10000751,NH청년도약계좌
보증_739,11,농협은행,적금,,10000751,NH직장인월복리적금
보증_740,11,농협은행,적금,자유적립,10000751,NH고향사랑기부적금
보증_741,11,농협은행,적금,,10000751,e금리우대적금
보증_742,11,농협은행,적금,"자유적립식매일(휴일* 제외) 자동이체 : 신규 가입 시 자동 설정- 농협은행 입출금 계좌를 출금계좌로 하고, 휴일*을 제외한 은행 영업일에 출금처리- 가입 이후 자동이체 금액 및 이체주기 변경 가능* 휴일 : 대통령령에 의한 관공서의 공휴일, 토요일, 근로자의 날",10000751,NH올원e 미니적금
보증_743,11,농협은행,적금,,10000751,NH1934월복리적금
보증_744,11,농협은행,적금,,10000751,NH장병내일준비적금
보증_745,11,농협은행,적금,"초입금 5만원이상, 매회 1만원이상(계좌별), 월 2천만원이내(1인당) 총 납입액 2억원이내(1인당) 자유적립 단, 계약기간 3/4경과 후 적립할 수 있는 금액은 이전 적립금액의 1/2이내 ※ 월 한도와 총 납입액은 「e금리우대적금」 가입금액과 합산 적용됩니다.",10000751,채움적금
보증_746,11,농협은행,,,,주택청약종합저축
보증_747,11,농협은행,,자유적금,,청년 우대형 주택청약종합저축
보증_748,11,농협은행,적금,,10000751,NH1418스윙적금
보증_749,11,농협은행,적금,적립식예금,10000751,NH내가Green초록세상적금
보증_750,11,농협은행,적금,,10000751,NH주거래우대적금
보증_751,11,농협은행,예금,자유입출금,10000752,매직트리(Magic Tree)아이(i)계좌
보증_752,11,농협은행,,자유적립,,NH성공파트너적금
보증_753,11,농협은행,적금,자유적립식,10000751,NH진짜사나이(군간부)적금
보증_754,11,농협은행,적금,,10000751,NH희망채움적금Ⅱ
보증_755,11,농협은행,적금,,10000751,NH더좋은맘(Mom)적금
보증_756,11,농협은행,예금,,10000752,법사랑플러스예금
보증_757,11,농협은행,적금,,10000751,NH착한어린이적금
보증_758,11,농협은행,적금,,10000751,NH All100플랜 적금
보증_759,11,농협은행,,,,NH외국인우대적금
보증_760,11,농협은행,예금,,10000752,ISA(개인종합자산관리계좌)정기예금(1년형)
보증_761,11,농협은행,,,,정기적금
보증_762,11,농협은행,예금,,10000752,NH더하고나눔정기예금
보증_763,11,농협은행,예금,,10000752,ISA(개인종합자산관리계좌)정기예금(2년형)
보증_764,11,농협은행,예금,,10000752,ISA(개인종합자산관리계좌)정기예금(6개월형)
보증_765,11,농협은행,적금,,10000751,평생우대적금
보증_766,11,농협은행,예금,,10000752,ISA(개인종합자산관리계좌)정기예금(3개월형)
보증_767,11,농협은행,,,,정기예금
보증_768,11,농협은행,,정기예금(1년제),,초장기회전예금
보증_769,11,농협은행,예금,,10000752,ISA(개인종합자산관리계좌)정기예금(3년형)
보증_770,11,농협은행,,정기예금,,양도성예금증서(CD)
보증_771,11,농협은행,예금,,10000752,NH All100플랜통장
보증_772,11,농협은행,예금,,10000752,NH x 카카오페이통장
보증_773,11,농협은행,예금,,10000752,Magic Tree(매직트리)
보증_774,11,농협은행,예금,,10000752,NH농지연금지킴이 통장
보증_775,11,농협은행,예금,,10000752,실업급여지킴이 통장
보증_776,11,농협은행,예금,,10000752,행복지킴이 통장
보증_777,11,농협은행,예금,,10000752,NH호국보훈지킴이통장
보증_778,11,농협은행,예금,,10000752,NH공무원연금 평생안심통장
보증_779,11,농협은행,예금,,10000752,NH농협 국민연금안심통장
보증_780,11,농협은행,,자유입출금,,알짜배기저축예금(MMDA)
보증_781,11,농협은행,예금,,10000752,NH1418우대통장
보증_782,11,농협은행,예금,자유입출금,10000752,사업잘되는NH통장
보증_783,11,농협은행,예금,,10000752,NH철/구리/금 사업자전용계좌
보증_784,11,농협은행,예금,,10000752,NH착한어린이통장
보증_785,11,농협은행,예금,,10000752,NH성공파트너통장
보증_786,11,농협은행,예금,,10000752,NH외국인우대통장
보증_787,11,농협은행,예금,,10000752,채움샐러리맨우대통장
보증_788,11,농협은행,예금,,10000752,채움통장
보증_789,11,농협은행,예금,,10000752,진짜사나이통장(저축예금)
보증_790,11,농협은행,,,,보통예금
보증_791,11,농협은행,예금,,10000752,하나로증권통장
보증_792,11,농협은행,예금,,10000752,법사랑플러스통장
보증_793,11,농협은행,예금,,10000752,NH취업이룸통장
보증_794,11,농협은행,예금,,10000752,NH사학연금 평생안심통장
보증_795,11,농협은행,예금,,10000752,NH주택연금 지킴이 통장
보증_796,11,농협은행,예금,,10000752,NH임금채권 전용통장
보증_797,11,농협은행,예금,,10000752,오~필승통장
보증_798,11,농협은행,,자유적립식 적금,,NH농촌으로 적금
보증_799,11,농협은행,적금,,10000751,NH아동수당 우대적금
보증_800,11,농협은행,예금,,10000752,NH사장님우대통장
보증_801,11,농협은행,예금,,10000752,NH산재보험급여 희망지킴이통장
보증_802,11,농협은행,예금,,10000752,NH모여라통장(저축예금)
보증_803,11,농협은행,예금,,10000752,NH All100플랜 연금예금
보증_804,11,농협은행,적금,,10000751,법사랑플러스적금
보증_805,11,농협은행,예금,,10000752,NH군인연금 평생안심통장
보증_806,11,농협은행,예금,,10000752,저축예금
보증_807,4,국민은행,예금,,DP01000018,양도성예금증서(CD)
보증_808,4,국민은행,예금,,DP01000019,표지어음
보증_809,4,국민은행,예금,,DP01000020,환매조건부매도(RP)
보증_810,4,국민은행,예금,,DP01000930,KB퇴직연금정기예금
보증_811,4,국민은행,예금,정기예금,DP01000931,KB Wise퇴직연금정기예금
보증_812,4,국민은행,적금,정액적립식/자유적립식,DP01000821,KB내맘대로적금
보증_813,4,국민은행,적금,정액적립식/자유적립식,DP01000228,직장인우대적금
보증_814,4,국민은행,적금,정액적립식/자유적립식,DP01001566,KB 특★한 적금
보증_815,4,국민은행,적금,정액적립식/자유적립식,DP01000939,KB장병내일준비적금
보증_816,4,국민은행,적금,정액적립식/자유적립식,DP01001576,KB청년도약계좌
보증_817,4,국민은행,적금,정액적립식/자유적립식,DP01000942,KB맑은하늘적금
보증_818,4,국민은행,적금,정액적립식/자유적립식,DP01000940,KB Young Youth 적금
보증_819,4,국민은행,적금,정액적립식/자유적립식,DP01000085,KB상호부금(자유적립식)
보증_820,4,국민은행,적금,정액적립식/자유적립식,DP01000500,KB가맹점우대적금
보증_821,4,국민은행,적금,정액적립식/자유적립식,DP01000472,KB국민행복적금
보증_822,4,국민은행,적금,정액적립식/자유적립식,DP01000429,KB국민프리미엄적금 (자유적립식)
보증_823,4,국민은행,적금,정액적립식/자유적립식,DP01000038,KB상호부금(정액적립식)
보증_824,4,국민은행,적금,정액적립식/자유적립식,DP01000370,KB국민첫재테크적금
보증_825,4,국민은행,적금,정액적립식/자유적립식,DP01001495,KB두근두근여행적금
보증_826,4,국민은행,적금,정액적립식/자유적립식,DP01001491,KB반려행복적금
보증_827,4,국민은행,적금,정액적립식/자유적립식,DP01000924,KB나라사랑적금(직업군인용)
보증_828,4,국민은행,적금,정액적립식/자유적립식,DP01000428,KB국민프리미엄적금 (정액적립식)
보증_829,4,국민은행,적금,정액적립식/자유적립식,DP01001578,온국민 건강적금-골든라이프
보증_830,4,국민은행,적금,정액적립식/자유적립식,DP01000021,일반정기적금
보증_831,4,국민은행,적금,정액적립식/자유적립식,DP01000812,KB미소드림적금
보증_832,4,국민은행,입출금자유,입출금이자유로운예금(보통예금),DP01000011,당선통장
보증_833,4,국민은행,입출금자유,입출금이자유로운예금(보통예금),DP01001577,KB 스타플러스통장
보증_834,4,국민은행,입출금자유,입출금이자유로운예금(보통예금),DP01001565,KB 올인원급여통장
보증_835,4,국민은행,입출금자유,입출금이자유로운예금(보통예금),DP01001496,My저금통
보증_836,4,국민은행,입출금자유,입출금이자유로운예금(보통예금),DP01001499,KB압류방지전용통장
보증_837,4,국민은행,입출금자유,입출금이자유로운예금(보통예금),DP01001494,KB주택연금지킴이통장
보증_838,4,국민은행,입출금자유,입출금이자유로운예금(보통예금),DP01001479,ONE KB 사업자통장
보증_839,4,국민은행,입출금자유,입출금이자유로운예금(보통예금),DP01001243,KB마이핏통장
보증_840,4,국민은행,입출금자유,입출금이자유로운예금(보통예금),DP01000945,KB군인연금평생안심통장
보증_841,4,국민은행,입출금자유,입출금이자유로운예금(보통예금),DP01000936,KB Young Youth 어린이통장
보증_842,4,국민은행,입출금자유,입출금이자유로운예금(보통예금),DP01000937,KB Young Youth 청소년통장
보증_843,4,국민은행,입출금자유,입출금이자유로운예금(보통예금),DP01000925,KB able Plus통장
보증_844,4,국민은행,입출금자유,입출금이자유로운예금(보통예금),DP01000919,KB보육&복지시설우대통장
보증_845,4,국민은행,입출금자유,입출금이자유로운예금(보통예금),DP01000866,KB부가세납부전용통장
보증_846,4,국민은행,입출금자유,입출금이자유로운예금(보통예금),DP01000854,KB호국보훈지킴이통장
보증_847,4,국민은행,입출금자유,입출금이자유로운예금(보통예금),DP01000826,KB공무원연금평생안심통장
보증_848,4,국민은행,입출금자유,입출금이자유로운예금(보통예금),DP01000802,KB국민ONE통장
보증_849,4,국민은행,입출금자유,입출금이자유로운예금(보통예금),DP01000785,KB하도급지킴이통장
보증_850,4,국민은행,입출금자유,입출금이자유로운예금(보통예금),DP01000780,KB골든라이프연금우대통장
보증_851,4,국민은행,입출금자유,입출금이자유로운예금(보통예금),DP01000751,KB사학연금평생안심통장
보증_852,4,국민은행,입출금자유,입출금이자유로운예금(보통예금),DP01000719,KB주거행복 월세통장
보증_853,4,국민은행,입출금자유,입출금이자유로운예금(보통예금),DP01000569,KB WELCOME통장
보증_854,4,국민은행,입출금자유,입출금이자유로운예금(보통예금),DP01000356,KB나라사랑우대통장
보증_855,4,국민은행,입출금자유,입출금이자유로운예금(보통예금),DP01000009,KB우대저축통장 (개인 MMDA)
보증_856,4,국민은행,입출금자유,입출금이자유로운예금(보통예금),DP01000008,가계당좌예금
보증_857,4,국민은행,입출금자유,입출금이자유로운예금(보통예금),DP01000005,KB종합통장
보증_858,4,국민은행,입출금자유,입출금이자유로운예금(보통예금),DP01000396,KB행복지킴이통장
보증_859,4,국민은행,입출금자유,입출금이자유로운예금(보통예금),DP01000533,KB국민연금安心통장
보증_860,4,국민은행,입출금자유,입출금이자유로운예금(보통예금),DP01000588,KB국민희망지킴이통장
보증_861,4,국민은행,주택청약,,DP01000620,주택청약종합저축
보증_862,4,국민은행,주택청약,,DP01000935,청년우대형 주택청약종합저축
보증_863,31,대구은행,예금,정기적금,10527001001272000,내가만든보너스적금
보증_864,31,대구은행,예금,정기적금,10527001001716000,DGB청년도약계좌
보증_865,31,대구은행,예금,정기적금,10527001001362000,세븐적금
보증_866,31,대구은행,예금,정기적금,10521001001166004,DGB함께적금
보증_867,31,대구은행,예금,정기적금,10521001000996000,DGB주거래우대적금(첫만남고객형)
보증_868,31,대구은행,예금,정기적금,10521001000996001,DGB주거래우대적금(단골고객형)
보증_869,31,대구은행,예금,청년 우대형 주택청약종합저축,10527012001060001,청년우대형 주택청약종합저축
보증_870,31,대구은행,예금,주택청약종합저축,10527012001060000,주택청약종합저축
보증_871,31,대구은행,예금,정기적금,10521001001177000,마이(My)적금
보증_872,31,대구은행,예금,정기적금,10521001001455000,DGB핫플적금
보증_873,31,대구은행,예금,정기적금,10527001000925000,영플러스(YoungPlus)적금
보증_874,31,대구은행,예금,정기적금,10521001001068000,황금빛적금
보증_875,31,대구은행,예금,정기적금,10521001000712001,직장인우대적금
보증_876,31,대구은행,예금,정기적금,10521001000846001,내손안에적금
보증_877,31,대구은행,예금,정기적금,10521001001058001,쓰담쓰담적금(정기적립식)
보증_878,31,대구은행,예금,자유적금,10527001001058001,쓰담쓰담적금(자유적립식)
보증_879,31,대구은행,예금,자유적금,10527001001143000,청춘희망적금
보증_880,31,대구은행,예금,정기적금,10521001001004000,DGB행복파트너적금
보증_881,31,대구은행,예금,정기적금,10527001001278000,IM스마트적금
보증_882,31,대구은행,예금,정기적금,10521001000598001,新사업자우대적금
보증_883,31,대구은행,예금,정기적금,10527001000001000,DGB자유적금
보증_884,31,대구은행,예금,정기적금,10527033000001000,평생저축(일반형)
보증_885,31,대구은행,예금,목돈만들기(정기적금),10527001000598000,新사업자우대적금(자유적립식)
보증_886,31,대구은행,예금,정기적금,10521001001331000,DGB아동수당적금
보증_887,31,대구은행,예금,목돈만들기,10521001000903000,성실모범납세자우대적금(개인)
보증_888,31,대구은행,예금,목돈만들기,10521001000903001,성실모범납세자우대적금(법인/단체)
보증_889,31,대구은행,예금,목돈만들기,10521030000001000,알찬여행적금(개인)
보증_890,31,대구은행,예금,목돈만들기,10521030000001001,알찬여행적금(법인/단체)
보증_891,31,대구은행,예금,목돈만들기,10521001000464000,친환경녹색적금
보증_892,31,대구은행,예금,목돈만들기,10525001000001000,파랑새부금
보증_893,31,대구은행,예금,목돈만들기,10521001000001000,파랑새적금
보증_894,31,대구은행,예금,정기적금,10527001001242000,DGB장병내일준비적금
보증_895,31,대구은행,예금,정기적금,10521001000598002,"新사업자우대적금(법인,단체)"
보증_896,31,대구은행,예금,목돈만들기(자유적금),10527001000598001,"新사업자우대적금-자유적립식(법인,단체)"
보증_897,31,대구은행,예금,정기적금,10521001000861003,DGB희망더하기적금
보증_898,31,대구은행,예금,정기예금,10511008001004000,DGB행복파트너예금(일반형)
보증_899,31,대구은행,예금,정기예금,10511008000996000,DGB주거래우대예금(첫만남고객형)
보증_900,31,대구은행,예금,정기예금,10511008001166004,DGB함께예금
보증_901,31,대구은행,예금,정기예금,10511008001278000,IM스마트예금
보증_902,31,대구은행,예금,정기예금,10511008000996001,DGB주거래우대예금(단골고객형)
보증_903,31,대구은행,예금,정기예금,10511008000712000,직장인우대예금
보증_904,31,대구은행,예금,정기예금,10511008000598001,新사업자우대예금
보증_905,31,대구은행,예금,정기예금,10511089000001000,복리회전예금
보증_906,31,대구은행,예금,목돈굴리기,10511011000001000,자유만기회전예금
보증_907,31,대구은행,예금,정기예금,10511008001068000,황금빛예금(일반형)
보증_908,31,대구은행,예금,정기예금,10511097000001000,DGB행복파트너예금(연금형)
보증_909,31,대구은행,예금,정기예금,10511097001068000,황금빛예금(연금형)
보증_910,31,대구은행,예금,목돈굴리기,10511020000903000,성실모범납세자우대예금(개인)
보증_911,31,대구은행,예금,목돈굴리기,10511020000903001,성실모범납세자우대예금(법인/단체)
보증_912,31,대구은행,예금,목돈굴리기,10511020000464000,친환경녹색예금
보증_913,31,대구은행,예금,목돈굴리기,10511020000001000,자유적립식예금
보증_914,31,대구은행,예금,목돈굴리기,10511008000001000,플러스정기예금
보증_915,31,대구은행,예금,목돈굴리기,10511001000001000,파랑새정기예금
보증_916,31,대구은행,예금,목돈굴리기,10515005000001000,양도성예금증서(CD)
보증_917,31,대구은행,예금,목돈굴리기,10517001000001000,환매조건부채권(RP)
보증_918,31,대구은행,예금,정기예금,10511008000598002,"新사업자우대예금(법인,단체)"
보증_919,31,대구은행,예금,목돈굴리기,10518029000001000,표지어음
보증_920,31,대구은행,예금,입출금자유,10508001001278000,iM스마트통장
보증_921,31,대구은행,예금,,10508001001802000,iM모임통장
보증_922,31,대구은행,예금,신자유저축,10508001001147000,GREiT(그래잇)통장
보증_923,31,대구은행,예금,입출금자유,10508001000996000,DGB주거래우대통장
보증_924,31,대구은행,예금,입출금통장,10599000000000009,첫만남플러스통장
보증_925,31,대구은행,예금,입출금통장,10508001000712000,직장인우대통장
보증_926,31,대구은행,예금,자유입출금통장,10508001001004000,DGB행복파트너통장
보증_927,31,대구은행,예금,입출금 자유로운 예금,10504001000598000,新사업자우대통장
보증_928,31,대구은행,예금,입출금통장,10508001000925000,YoungPlus(영플러스)통장
보증_929,31,대구은행,예금,입출금통장,10508001000915000,DGB국민연금안심통장
보증_930,31,대구은행,예금,입출금통장,10508001000886000,교육사랑통장
보증_931,31,대구은행,예금,입출금통장,10508001000856000,3355모임통장
보증_932,31,대구은행,예금,입출금통장,10508001000001000,신자유저축예금
보증_933,31,대구은행,예금,입출금통장,10504001000001000,기업자유예금
보증_934,31,대구은행,예금,입출금통장,10505001000001000,보통예금
보증_935,31,대구은행,예금,입출금통장,10508001000785000,행복지킴이통장
보증_936,31,대구은행,예금,입출금통장,10508002000001000,매일플러스통장
보증_937,31,대구은행,예금,입출금통장,10504002000001000,매일플러스기업통장
보증_938,31,대구은행,예금,입출금통장,10599000000000004,뱅크라인통장
보증_939,31,대구은행,예금,입출금통장,10505001000534000,후원금모금예금
보증_940,31,대구은행,예금,입출금통장,10505001000716000,DGB당선통장
보증_941,31,대구은행,예금,입출금통장,10505001000880000,정치후원금통장
보증_942,31,대구은행,예금,"기업자유예금(기업MMDA통장 포함),보통예금",10599000000000010,부가가치세 매입자납부 전용계좌
보증_943,31,대구은행,예금,보통예금,10505001001226001,보증부대출전용계좌
보증_944,31,대구은행,예금,기업자유예금,10504001001700000,DGB ESG사업자우대통장
보증_945,31,대구은행,예금,,10508001001091000,DGB공무원연금평생안심통장
보증_946,31,대구은행,예금,입출금자유로운 예금,10508001001145000,DGB호국보훈지킴이통장
보증_947,31,대구은행,예금,,10508001001491000,DGB주택연금지킴이통장
보증_948,31,대구은행,예금,,10508001001266000,DGB산재보험급여희망지킴이통장
보증_949,31,대구은행,예금,,10508001001490000,DGB임금채권전용통장
보증_950,31,대구은행,예금,,10508001001319000,DGB군인연금평생안심통장
보증_951,89,케이뱅크,,,130100,플러스박스
보증_952,89,케이뱅크,,,200000,챌린지박스
보증_953,89,케이뱅크,,,120000,생활통장
보증_954,89,케이뱅크,,,070000,코드K 정기예금
보증_955,89,케이뱅크,,,080000,코드K 자유적금
보증_956,89,케이뱅크,,,090000,주거래우대 자유적금
보증_957,90,카카오뱅크,예적금,보통예금,,카카오뱅크입출금통장
보증_958,90,카카오뱅크,예적금,,,
보증_959,90,카카오뱅크,예적금,보통예금,,카카오뱅크세이프박스
보증_960,90,카카오뱅크,예적금,보통예금,,카카오뱅크저금통
보증_961,90,카카오뱅크,예적금,정기예금 (거치식),,카카오뱅크정기예금
보증_962,90,카카오뱅크,예적금,정기적금 (자유적립식),,카카오뱅크자유적금
보증_963,510,오케이저축은행,목돈굴리기,,HD001,OK e-안심앱플러스정기예금
보증_964,510,오케이저축은행,목돈굴리기,,HD001,OK안심정기예금
보증_965,510,오케이저축은행,목돈굴리기,,HD001,OK e-안심앱플러스정기예금6
보증_966,510,오케이저축은행,목돈굴리기,,HD001,OK정기예금
보증_967,510,오케이저축은행,목돈굴리기,,HD001,중도해지OK정기예금6
보증_968,510,오케이저축은행,목돈굴리기,,HD001,중도해지OK정기예금369
보증_969,510,오케이저축은행,목돈굴리기,,HD001,퇴직연금정기예금
보증_970,510,오케이저축은행,목돈굴리기,,HD001,ISA정기예금
보증_971,510,오케이저축은행,목돈모으기,,HD002,OK e-100만원만들기적금
보증_972,510,오케이저축은행,목돈모으기,,HD002,OK정기적금
보증_973,510,오케이저축은행,목돈모으기,,HD002,중도해지OK정기적금
보증_974,510,오케이저축은행,입출금자유예금,,HD003,OK짠테크통장
보증_975,510,오케이저축은행,입출금자유예금,,HD003,OK비대면보통예금
보증_976,510,오케이저축은행,입출금자유예금,,HD003,OK국민연금안심통장
보증_977,510,오케이저축은행,입출금자유예금,,HD003,OK법인대박통장
보증_978,510,오케이저축은행,입출금자유예금,,HD003,OK보통예금
보증_979,510,오케이저축은행,입출금자유예금,,HD003,OK읏백만통장II[신규판매중단]
보증_980,510,오케이저축은행,입출금자유예금,,HD003,OK세컨드통장[신규판매중단]
보증_981,510,오케이저축은행,입출금자유예금,,HD003,OK페이통장[신규판매중단]
보증_982,510,오케이저축은행,입출금자유예금,,HD003,OK읏통장[신규판매중단]
보증_983,510,오케이저축은행,입출금자유예금,,HD003,OK파킹대박통장 [신규판매중단]
보증_984,510,오케이저축은행,입출금자유예금,,HD003,OK읏백만통장[신규판매중단]
보증_985,576,한국투자저축은행,이 상품은 한국투자저축은행과 제휴를 맺은 부보대상 금융기관이 가입할 수 있는 상품입니다.,,"0001, 0002, 0010",정기예금단리(업무협약)
보증_986,576,한국투자저축은행,,,"0001, 0002, 0011",정기예금복리(업무협약)
보증_987,576,한국투자저축은행,예금,입출금 예금,"0001, 0001, 0001",보통예금
보증_988,576,한국투자저축은행,예금,입출금 예금,"0001, 0001, 0002",저축예금
보증_989,576,한국투자저축은행,예금,입출금 예금,"0001, 0001, 0003",기업자유예금
보증_990,576,한국투자저축은행,예금,거치식 예금,"0001, 0002, 0001",정기예금(단리)
보증_991,576,한국투자저축은행,예금,거치식 예금,"0001, 0002, 0002",정기예금(복리)
보증_992,576,한국투자저축은행,예금,거치식 예금,"0001, 0002, 0003",회전정기예금(단리)
보증_993,576,한국투자저축은행,예금,거치식 예금,"0001, 0002, 0004",회전정기예금(복리)
보증_994,576,한국투자저축은행,예금,거치식 예금,"0001, 0002, 0005",ISA정기예금
보증_995,576,한국투자저축은행,예금,거치식 예금,"0001, 0002, 0006",퇴직연금정기예금
보증_996,576,한국투자저축은행,일정기간 동안 금액 및 횟수에 제한없이 자유롭게 부금을 납입하고 기간 만료시 월복리로 이자를 계산하여 원금과 함께 지급하는 상품,거치식 예금,"0001, 0003, 0003",자유적립예금
보증_997,576,한국투자저축은행,예금,입출금 예금,"0001, 0001, 0005",더드림 파킹통장
보증_998,576,한국투자저축은행,중도해지 시에도 예치기간별 금리를 보장하는 상품!,입출금 예금,"0001, 0002, 0008",중도해지 SAFE 정기예금(단리)
보증_999,576,한국투자저축은행,중도해지 시에도 예치기간별 금리를 보장하는 상품!,입출금 예금,"0001, 0002, 0009",중도해지 SAFE 정기예금(복리)
보증_1000,576,한국투자저축은행,,입출금 예금,"0001, 0002, 0012",회전정기예금(단리)
보증_1001,558,웰컴저축은행,저축예금,,1110213002,웰뱅 모두페이 통장
보증_1002,558,웰컴저축은행,저축예금,,1110211002,WELCOME 직장인사랑 보통예금
보증_1003,558,웰컴저축은행,저축예금,,1110213001,WELCOME 비대면 보통예금
보증_1004,558,웰컴저축은행,저축예금,,1110211001,WELCOME PLUS 보통예금
보증_1005,558,웰컴저축은행,기업자유예금,,1110231002,WELCOME 사장님사랑 보통예금
보증_1006,558,웰컴저축은행,보통예금,,1110131001,보통예금
보증_1007,558,웰컴저축은행,기업자유예금,,1110231001,WELCOME 기업자유예금
보증_1008,558,웰컴저축은행,기업자유예금,,1110231003,WELCOME 기업보통예금
보증_1009,558,웰컴저축은행,정기적금 (자유적립식),,1130313563,웰뱅 라이킷(LIKIT) 적금
보증_1011,558,웰컴저축은행,정기적금,,1130313506,웰뱅 든든적금
보증_1012,558,웰컴저축은행,정기적금,,1130315009,웰뱅하자 정기적금
보증_1013,558,웰컴저축은행,정기적금,,1130313507,웰뱅 워킹 적금
보증_1014,558,웰컴저축은행,정기적금 (자유적립식),,1130313562,웰뱅 잔돈자동적금
보증_1015,558,웰컴저축은행,정기적금,,1130313503,WELCOME 체크플러스2 m정기적금
보증_1016,558,웰컴저축은행,정기적금,,1130312006,WELCOME 체크플러스2 e정기적금
보증_1017,558,웰컴저축은행,정기적금,,1130313504,WELCOME 첫거래우대 m정기적금
보증_1018,558,웰컴저축은행,정기적금,,1130312007,WELCOME 첫거래우대 e정기적금
보증_1019,558,웰컴저축은행,정기적금 (자유적립식),,1130313561,WELCOME 잔돈모아올림적금
보증_1020,558,웰컴저축은행,정기적금,,1130313002,m-정기적금
보증_1021,558,웰컴저축은행,정기적금,,1130312001,e-정기적금
보증_1022,558,웰컴저축은행,정기적금,,1130315006,WELCOME 체크플러스2 정기적금
보증_1023,558,웰컴저축은행,정기적금,,1130315008,WELCOME 아이사랑 정기적금
보증_1024,558,웰컴저축은행,정기적금,,1130315004,WELCOME 디딤돌적금
보증_1025,558,웰컴저축은행,정기적금,,1130311001,정기적금
보증_1026,558,웰컴저축은행,자유적립예금,,1130381001,자유적립예금
보증_1027,558,웰컴저축은행,정기예금,,1120252003,웰뱅 회전 e-정기예금(복리)
보증_1028,558,웰컴저축은행,정기예금,,1120242003,웰뱅 회전 e-정기예금(단리)
보증_1029,558,웰컴저축은행,정기예금,,1120252001,e-정기예금(복리)
보증_1030,558,웰컴저축은행,정기예금,,1120242001,e-정기예금(단리)
보증_1031,558,웰컴저축은행,정기예금,,1120253003,웰뱅 회전 m-정기예금(복리)
보증_1032,558,웰컴저축은행,정기예금,,1120243003,웰뱅 회전 m-정기예금(단리)
보증_1033,558,웰컴저축은행,정기예금,,1120253002,m-정기예금(복리)
보증_1034,558,웰컴저축은행,정기예금,,1120243002,m-정기예금(단리)
보증_1035,558,웰컴저축은행,정기예금,,1120251011,웰뱅 회전 정기예금(복리)
보증_1036,558,웰컴저축은행,정기예금,,1120241011,웰뱅 회전 정기예금(단리)
보증_1037,558,웰컴저축은행,정기예금,,1120251001,정기예금(복리)
보증_1038,558,웰컴저축은행,정기예금,,1120241001,정기예금(단리)
보증_1039,558,웰컴저축은행,정기예금,,1120255021,WELCOME 퇴직연금 정기예금
보증_1040,558,웰컴저축은행,정기예금,,1120255020,WELCOME ISA 정기예금
보증_1041,572,페퍼저축은행,입출금예금,,,페퍼스파킹통장 4
보증_1042,572,페퍼저축은행,목돈굴리기,,,페퍼스 6개월 회전정기예금
보증_1043,572,페퍼저축은행,목돈굴리기,,,6개월 회전정기예금
보증_1044,572,페퍼저축은행,목돈모으기,,,AI peppers 배구사랑 정기적금
보증_1045,572,페퍼저축은행,목돈굴리기,,,페퍼스 회전정기예금
보증_1046,572,페퍼저축은행,목돈모으기,,,페퍼스2030적금
보증_1047,572,페퍼저축은행,목돈굴리기,,,페퍼스 중도해지 FREE 정기예금
보증_1048,572,페퍼저축은행,목돈굴리기,,,회전정기예금
보증_1049,572,페퍼저축은행,목돈굴리기,,,페퍼스 정기예금
보증_1050,572,페퍼저축은행,목돈모으기,,,페퍼스 정기적금
보증_1051,572,페퍼저축은행,목돈굴리기,,,정기예금
보증_1052,572,페퍼저축은행,목돈굴리기,,,퇴직연금 정기예금
보증_1053,572,페퍼저축은행,목돈굴리기,,,ISA정기예금
보증_1054,572,페퍼저축은행,목돈굴리기,,,자유적립예금
보증_1055,572,페퍼저축은행,입출금예금,,,보통예금
보증_1056,572,페퍼저축은행,목돈모으기,,,정기적금
보증_1057,572,페퍼저축은행,목돈굴리기,,,페퍼루 중도해지 FREE 정기예금
보증_1058,572,페퍼저축은행,목돈모으기,,,페퍼룰루 2030적금(비대면)
보증_1059,572,페퍼저축은행,입출금예금,,,페퍼룰루 파킹통장
보증_1060,572,페퍼저축은행,입출금예금,,,함께그린 보통예금
보증_1061,572,페퍼저축은행,입출금예금,,,수퍼저축예금
보증_1062,550,에큐온저축은행,예금상품,,1201181,플러스회전식 정기예금
보증_1063,550,에큐온저축은행,예금상품,,1201220,찾아쓰는 정기예금
보증_1064,550,에큐온저축은행,예금상품,,1201010,"정기예금(단리,복리)"
보증_1065,550,에큐온저축은행,예금상품,,1201080,"3-UP정기예금(단리,복리)"
보증_1066,550,에큐온저축은행,예금상품,,1201170,ISA정기예금
보증_1067,550,에큐온저축은행,적금상품,,1403061,애큐온다모아자유적금2
보증_1068,550,에큐온저축은행,적금상품,,1403050,찾아쓰는 자유적금
보증_1069,550,에큐온저축은행,적금상품,,1402010,신용부금
보증_1070,550,에큐온저축은행,입출금상품,,1101160,머니쪼개기
보증_1071,550,에큐온저축은행,입출금상품,,1101170,머니모으기
보증_1072,550,에큐온저축은행,입출금상품,,1101140,애큐온모바일자유예금
보증_1073,550,에큐온저축은행,입출금상품,,1101150,애큐온다모아자유예금
보증_1074,550,에큐온저축은행,입출금상품,,1101120,플러스자유예금
보증_1075,550,에큐온저축은행,입출금상품,,1101040,고수익자유예금
보증_1076,550,에큐온저축은행,입출금상품,,1101010,보통예금
보증_1077,550,에큐온저축은행,입출금상품,,1103010,기업자유예금
보증_1078,550,에큐온저축은행,입출금상품,,1102010,저축예금
보증_1079,550,에큐온저축은행,입출금상품,,1101070,애큐온국민연금안심예금
보증_1080,580,다올저축은행,예금,,,Fi 하이브리드 정기예금
보증_1081,580,다올저축은행,예금,,,Fi 정기예금
보증_1082,580,다올저축은행,예금,,,Fi 리볼빙 정기예금
보증_1083,580,다올저축은행,예금,,,Fi 리볼빙 정기예금(6M)
보증_1084,580,다올저축은행,예금,,,Fi 자유해지 정기예금(변동)
보증_1085,580,다올저축은행,예금,,,"Fi 자유해지 정기예금(변동, 법인)"
보증_1086,580,다올저축은행,예금,,,퇴직연금 정기예금
보증_1087,580,다올저축은행,예금,,,ISA 정기예금
보증_1088,580,다올저축은행,적금,,,Fi 정기적금
보증_1089,580,다올저축은행,적금,,,아이사랑 정기적금
보증_1090,580,다올저축은행,적금,,,직장인YES 정기적금
보증_1091,580,다올저축은행,적금,,,퍼스트유(First You) 정기적금
보증_1092,580,다올저축은행,,,,Fi 자산관리통장
보증_1093,580,다올저축은행,예금,,,Fi 저축예금
보증_1094,580,다올저축은행,예금,,,더드림 기업자유예금
보증_1095,580,다올저축은행,예금,,,보통예금
보증_1096,531,모아저축은행,목돈운용상품,,,앱전용 회전 정기예금
보증_1097,531,모아저축은행,목돈운용상품,,,앱전용 6개월 회전 정기예금
보증_1098,531,모아저축은행,목돈운용상품,,,e-회전 정기예금
보증_1099,531,모아저축은행,목돈운용상품,,,회전 정기예금
보증_1100,531,모아저축은행,목돈운용상품,,,e-모아 정기예금
보증_1101,531,모아저축은행,목돈운용상품,,,정기예금
보증_1102,531,모아저축은행,목돈운용상품,,,퇴직연금 정기예금
보증_1103,531,모아저축은행,목돈마련상품,,,e-모아 정기적금
보증_1104,531,모아저축은행,목돈마련상품,,,생일축하 정기적금
보증_1105,531,모아저축은행,목돈마련상품,,,12간지 정기적금
보증_1106,531,모아저축은행,입출금상품,,,e-모아 저축예금
보증_1107,531,모아저축은행,목돈마련상품,,,정기적금
보증_1108,531,모아저축은행,입출금상품,,,기업자유예금
보증_1109,531,모아저축은행,입출금상품,,,저축예금
보증_1110,531,모아저축은행,입출금상품,,,모아체크 저축예금
보증_1111,531,모아저축은행,입출금상품,,,내가그린 보통예금
보증_1112,531,모아저축은행,입출금상품,,,함께그린 보통예금
보증_1113,531,모아저축은행,입출금상품,,,보통예금
보증_1114,537,상상인저축은행,예금,입출금 자유상품,10001,보통예금
보증_1115,537,상상인저축은행,예금,입출금 자유상품,10002,아낌없이 주는 기업자유예금
보증_1116,537,상상인저축은행,예금,입출금 자유상품,10003,아낌없이 주는 저축예금
보증_1117,537,상상인저축은행,예금,입출금 자유상품,10004,비대면 파킹통장 보통예금
보증_1118,537,상상인저축은행,예금,목돈마련상품,30001,정기적금
보증_1119,537,상상인저축은행,예금,목돈마련상품,30004,정기적금 (E-월수)
보증_1120,537,상상인저축은행,예금,목돈마련상품,30003,비대면 정기적금
보증_1121,537,상상인저축은행,예금,목돈마련상품,30002,자유적립예금
보증_1122,537,상상인저축은행,예금,목돈운용상품,20001,정기예금
보증_1123,537,상상인저축은행,예금,목돈운용상품,20005,정기예금 (E)
보증_1124,537,상상인저축은행,예금,목돈운용상품,20002,비대면 정기예금
보증_1125,537,상상인저축은행,예금,목돈운용상품,20003,파킹통장 369 정기예금
보증_1126,537,상상인저축은행,예금,목돈운용상품,20006,파킹통장 369 정기예금 (E-복리)
보증_1127,537,상상인저축은행,예금,목돈운용상품,20004,비대면 파킹통장 369 정기예금
보증_1128,511,OSB저축은행,목돈굴리기상품,,,단리 정기예금
보증_1129,511,OSB저축은행,목돈굴리기상품,,,복리 정기예금
보증_1130,511,OSB저축은행,목돈굴리기상품,,,OSB회전식 단리정기예금
보증_1131,511,OSB저축은행,목돈굴리기상품,,,OSB회전식 복리정기예금
보증_1132,511,OSB저축은행,목돈굴리기상품,,,퇴직연금 정기예금
보증_1133,511,OSB저축은행,목돈마련상품,,,정기적금
보증_1134,511,OSB저축은행,목돈마련상품,,,프리스타일적금
보증_1135,511,OSB저축은행,목돈마련상품,,,자유적립예금
보증_1136,511,OSB저축은행,수시입출금,,,보통예금
보증_1137,511,OSB저축은행,수시입출금,,,E-보통예금
보증_1138,511,OSB저축은행,수시입출금,,,S-보통예금
보증_1139,545,신한저축은행,보통예금저축방법자유 입출식,,13000,보통예금
보증_1140,545,신한저축은행,보통예금저축방법자유 입출식,,13110,참신한파킹통장
보증_1141,545,신한저축은행,저축예금,,22011,e-저축예금
보증_1142,545,신한저축은행,저축예금,,22012,참신한사장님저축예금
보증_1143,545,신한저축은행,저축예금,,22110,Smart-저축예금
보증_1144,545,신한저축은행,기업자유예금저축방법자유 입출식,,23000,기업자유예금
보증_1145,545,신한저축은행,정기예금,,24000,정기예금
보증_1146,545,신한저축은행,정기예금,,24002,더드림정기예금
보증_1147,545,신한저축은행,정기예금,,24014,ISA정기예금
보증_1148,545,신한저축은행,정기예금,,24015,퇴직연금 정기예금
보증_1149,545,신한저축은행,정기적금,,31000,정기적금
보증_1150,545,신한저축은행,정기적금저축방법매월정기적립식,,31015,청포도 청년적금
보증_1151,545,신한저축은행,정기적금,,31030,자유적립적금
보증_1152,508,케이비저축은행,목돈굴리기상품,,IB18,퇴직연금 정기예금
보증_1153,508,케이비저축은행,목돈굴리기상품,,IB01,정기예금
보증_1154,508,케이비저축은행,목돈굴리기상품,,IB26,kiwi회전식 정기예금
보증_1155,508,케이비저축은행,목돈굴리기상품,,IB10,KB e-plus정기예금
보증_1156,508,케이비저축은행,목돈굴리기상품,,IB25,KB회전식 정기예금
보증_1157,508,케이비저축은행,목돈굴리기상품,,IB13,ISA정기예금
보증_1158,508,케이비저축은행,목돈모으기상품,,IB02,KB착한 정기적금
보증_1159,508,케이비저축은행,목돈모으기상품,,IB09,KB일반 정기적금
보증_1160,508,케이비저축은행,목돈모으기상품,,IB17,KB착한누리적금
보증_1161,508,케이비저축은행,목돈모으기상품,,IB03,자유적립예금
보증_1162,508,케이비저축은행,목돈모으기상품,,IB11,KB착한 e-plus정기적금
보증_1163,508,케이비저축은행,목돈모으기상품,,IB12,KB일반 e-plus정기적금
보증_1164,508,케이비저축은행,목돈모으기상품,,IB19,KB꿀적금
보증_1165,508,케이비저축은행,목돈모으기상품,,IB21,플러스kiwi적금
보증_1166,508,케이비저축은행,목돈모으기상품,,IB15,ISA정기적금
보증_1167,508,케이비저축은행,입출금자유예금,,IB24,kiwi팡팡통장
보증_1168,508,케이비저축은행,입출금자유예금,,IB27,기업자유예금
보증_1169,508,케이비저축은행,입출금자유예금,,IB16,kiwi입출금통장
보증_1170,508,케이비저축은행,입출금자유예금,,IB08,저축예금
보증_1171,508,케이비저축은행,입출금자유예금,,IB07,국민연금안심통장
보증_1172,508,케이비저축은행,입출금자유예금,,IB06,보통예금
보증_1173,519,대신저축은행,거치식예금,,,스마트 회전정기예금
보증_1174,519,대신저축은행,거치식예금,,,회전정기예금
보증_1175,519,대신저축은행,거치식예금,,,대신든든 정기예금
보증_1176,519,대신저축은행,거치식예금,,,스마트 정기예금
보증_1177,519,대신저축은행,거치식예금,,,정기예금
보증_1178,519,대신저축은행,거치식예금,,,더드리고 정기예금
보증_1179,519,대신저축은행,적립식예금,,,스마트 정기적금
보증_1180,519,대신저축은행,적립식예금,,,정기적금(정액식)
보증_1181,519,대신저축은행,적립식예금,,,정기적금(자유적립식)
보증_1182,519,대신저축은행,적립식예금,,,자유적립예금
보증_1183,519,대신저축은행,입출금예금,,,더드리고입출금통장
보증_1184,519,대신저축은행,입출금예금,,,보통예금
보증_1185,519,대신저축은행,입출금예금,,,기업자유예금
보증_1186,519,대신저축은행,,,,ISA정기예금
보증_1187,519,대신저축은행,,,,퇴직연금 정기예금
보증_1188,507,제이티친애저축은행,입출금자유예금,,,비대면보통예금
보증_1189,507,제이티친애저축은행,입출금자유예금,,,보통예금
보증_1190,507,제이티친애저축은행,입출금자유예금,,,기업자유예금
보증_1191,507,제이티친애저축은행,입출금자유예금,,,비대면저축예금
보증_1192,507,제이티친애저축은행,입출금자유예금,,,저축예금
보증_1193,507,제이티친애저축은행,입출금자유예금,,,비대면플러스입출금통장
보증_1194,507,제이티친애저축은행,입출금자유예금,,,플러스입출금통장
보증_1195,507,제이티친애저축은행,입출금자유예금,,,플러스법인통장
보증_1196,507,제이티친애저축은행,목돈마련상품,,,비대면정기적금
보증_1197,507,제이티친애저축은행,목돈마련상품,,,자유적립예금
보증_1198,507,제이티친애저축은행,목돈마련상품,,,정기적금
보증_1199,507,제이티친애저축은행,목돈마련상품,,,JT쩜피플러스 정기적금
보증_1200,507,제이티친애저축은행,목돈마련상품,,,ISA 정기적금
보증_1201,507,제이티친애저축은행,목돈굴리기상품,,,비대면정기예금
보증_1202,507,제이티친애저축은행,목돈굴리기상품,,,비대면 회전식 정기예금
보증_1203,507,제이티친애저축은행,목돈굴리기상품,,,정기예금
보증_1204,507,제이티친애저축은행,목돈굴리기상품,,,회전식 정기예금
보증_1205,507,제이티친애저축은행,목돈굴리기상품,,,퇴직연금 정기예금
보증_1206,507,제이티친애저축은행,목돈굴리기상품,,,ISA 정기예금
보증_1207,575,하나저축은행,예금상품,,,하이(HIGH) 하나 보통예금
보증_1208,575,하나저축은행,예금상품,,,하나플러스+ 보통예금
보증_1209,575,하나저축은행,적금상품,,,파란 하늘 정기적금
보증_1210,575,하나저축은행,적금상품,,,정기적금
보증_1211,575,하나저축은행,예금상품,,,
보증_1219,575,하나저축은행,예금상품,,,세바퀴 정기예금
보증_1220,575,하나저축은행,예금상품,,,정기예금
보증_1221,575,하나저축은행,예금상품,,,자유적립예금
보증_1222,575,하나저축은행,예금상품,,,보통예금
보증_1223,575,하나저축은행,예금상품,,,기업자유예금
보증_1224,509,엔에이치저축은행,입출금자유,,13031,NH FIC-One 보통예금
보증_1225,509,엔에이치저축은행,입출금자유,,13001,보통예금
보증_1226,509,엔에이치저축은행,입출금자유,,13011,NH행복플러스 보통예금
보증_1227,509,엔에이치저축은행,목돈굴리기,,24501,비대면 정기예금
보증_1228,509,엔에이치저축은행,목돈굴리기,,24031,회전식 정기예금
보증_1229,509,엔에이치저축은행,목돈굴리기,,24001,정기예금
보증_1230,509,엔에이치저축은행,목돈모으기,,31001,정기적금
보증_1231,509,엔에이치저축은행,목돈모으기,,31501,비대면 정기적금(정액식)
보증_1232,509,엔에이치저축은행,목돈굴리기,,24601,퇴직연금 정기예금
보증_1233,509,엔에이치저축은행,목돈굴리기,,24302,ISA정기예금
보증_1234,570,키움저축은행,예금상품,,,정기예금
보증_1235,570,키움저축은행,예금상품,,,e-plus 정기예금
보증_1236,570,키움저축은행,예금상품,,,SB톡톡 정기예금
보증_1237,570,키움저축은행,예금상품,,,"3,6법인정기예금"
보증_1238,570,키움저축은행,예금상품,,,퇴직연금 정기예금
보증_1239,570,키움저축은행,예금상품,,,회전식 정기예금
보증_1240,570,키움저축은행,예금상품,,,회전식 정기예금
보증_1241,570,키움저축은행,예금상품,,,회전식 정기예금
보증_1242,570,키움저축은행,예금상품,,,회전식(6개월) 정기예금
보증_1243,570,키움저축은행,예금상품,,,회전식(6개월) 정기예금
보증_1244,570,키움저축은행,예금상품,,,회전식(6개월) 정기예금
보증_1245,570,키움저축은행,예금상품,,,정기적금
보증_1246,570,키움저축은행,예금상품,,,기업 정기적금
보증_1247,570,키움저축은행,예금상품,,,e-plus 정기적금
보증_1248,570,키움저축은행,예금상품,,,e-plus 기업 정기적금
보증_1249,570,키움저축은행,예금상품,,,SB톡톡 정기적금
보증_1250,570,키움저축은행,예금상품,,,키움 오픈뱅킹 정기적금(판매종료)
보증_1251,570,키움저축은행,예금상품,,,보통예금
보증_1252,570,키움저축은행,예금상품,,,키우는 e저축예금
보증_1253,570,키움저축은행,예금상품,,,자유적립예금
보증_1254,570,키움저축은행,예금상품,,,기업자유예금
보증_1255,570,키움저축은행,예금상품,,,법인저축예금
보증_1256,506,제이티저축은행,,,DEP0100,회전정기예금(거치식예금)
보증_1257,506,제이티저축은행,,,DEP0200,정기예금(거치식예금)
보증_1258,506,제이티저축은행,,,DEP0300,정기적금(적립식예금)
보증_1259,506,제이티저축은행,,,DEP0400,자유적립예금(적립식예금)
보증_1260,506,제이티저축은행,,,DEP0500,JT점프업저축예금 (입출금 자유 예금)
보증_1261,506,제이티저축은행,,,DEP0600,보통예금 (입출금자유예금)
보증_1262,506,제이티저축은행,,,DEP0700,저축예금 (입출금 자유 예금)
보증_1263,503,디비저축은행,목돈 운용상품,,C2105,Dream Big 정기예금
보증_1264,503,디비저축은행,인터넷 예적금,,C2001,E-정기예금
보증_1265,503,디비저축은행,목돈 마련상품,,C3401,정기적금
보증_1266,503,디비저축은행,인터넷 예적금,,C2002,E-정기적금
보증_1267,503,디비저축은행,목돈 운용상품,,C2101,정기예금
보증_1268,503,디비저축은행,목돈 마련상품,,C3402,자유적립예금
보증_1269,503,디비저축은행,입출금자유상품,,C2202,보통예금
보증_1270,503,디비저축은행,목돈 운용상품,,C2103,퇴직연금 정기예금
보증_1271,503,디비저축은행,인터넷 예적금,,C2003,E-자유적립예금
보증_1272,503,디비저축은행,목돈 운용상품,,C2104,ISA 정기예금
보증_1273,538,상상인플러스저축은행,입출금 자유상품,,,보통예금
보증_1274,538,상상인플러스저축은행,입출금 자유상품,,,아낌없이 주는 기업자유예금
보증_1275,538,상상인플러스저축은행,입출금 자유상품,,,아낌없이 주는 저축예금
보증_1276,538,상상인플러스저축은행,입출금 자유상품,,,보통예금(비대면)
보증_1277,538,상상인플러스저축은행,목돈마련상품,,,e-정기적금
보증_1278,538,상상인플러스저축은행,비대면상품,,,정기적금(비대면)
보증_1279,538,상상인플러스저축은행,목돈마련상품,,,자유적립예금
보증_1280,538,상상인플러스저축은행,목돈마련상품,,,e-자유적립예금
보증_1281,538,상상인플러스저축은행,목돈운용상품,,,e-정기예금
보증_1282,538,상상인플러스저축은행,비대면상품,,,정기예금(비대면)
보증_1283,538,상상인플러스저축은행,목돈운용상품,,,정기예금_단기
보증_1284,538,상상인플러스저축은행,목돈운용상품,,,e-정기예금_단기
보증_1285,538,상상인플러스저축은행,비대면상품,,,정기예금(비대면)_단기
보증_1286,538,상상인플러스저축은행,목돈운용상품,,,중도해지 괜찮아 369 정기예금
보증_1287,538,상상인플러스저축은행,목돈운용상품,,,회전정기예금
보증_1288,538,상상인플러스저축은행,목돈운용상품,,,369 회전정기예금
보증_1289,538,상상인플러스저축은행,목돈운용상품,,,9개월 회전정기예금
보증_1290,538,상상인플러스저축은행,목돈운용상품,,,회전E-정기예금
보증_1291,538,상상인플러스저축은행,목돈운용상품,,,369 회전정기예금(E)
보증_1292,538,상상인플러스저축은행,목돈운용상품,,,E-9개월 회전정기예금
보증_1293,538,상상인플러스저축은행,비대면상품,,,회전정기예금(비대면)
보증_1294,538,상상인플러스저축은행,비대면상품,,,369 회전정기예금(비대면)
보증_1295,538,상상인플러스저축은행,비대면상품,,,비대면 9개월 회전정기예금
보증_1296,538,상상인플러스저축은행,앱전용상품,,,크크크 정기예금
보증_1297,538,상상인플러스저축은행,앱전용상품,,,크크크 정기예금_단기
보증_1298,538,상상인플러스저축은행,앱전용상품,,,크크크 정기적금
보증_1299,538,상상인플러스저축은행,앱전용상품,,,크크크 파킹통장 369 정기예금
보증_1300,538,상상인플러스저축은행,앱전용상품,,,크크크 회전정기예금
보증_1301,538,상상인플러스저축은행,앱전용상품,,,크크크 369 회전정기예금
보증_1302,538,상상인플러스저축은행,앱전용상품,,,크크크 9개월 회전정기예금
보증_1303,501,비엔케이저축은행,,거치식예금,prod0104,삼삼한 정기예금(복리식)
보증_1304,501,비엔케이저축은행,,거치식예금,prod0105,삼삼한 정기예금(단리식)
보증_1305,501,비엔케이저축은행,,거치식예금,prod0101,정기예금(복리식)
보증_1306,501,비엔케이저축은행,,거치식예금,prod0102,정기예금(단리식)
보증_1307,501,비엔케이저축은행,,거치식예금,prod0103,BNK퇴직연금정기예금
보증_1308,501,비엔케이저축은행,,적립식예금,prod0202,정기적금
보증_1309,501,비엔케이저축은행,,적립식예금,prod0203,자유적립예금
보증_1310,501,비엔케이저축은행,,적립식예금,prod0204,머니모아 정기적금
보증_1311,501,비엔케이저축은행,,입출금자유예금,prod0304,삼삼한 파킹통장
보증_1312,501,비엔케이저축은행,,입출금자유예금,prod0301,보통예금
보증_1313,501,비엔케이저축은행,,입출금자유예금,prod0302,저축예금
보증_1314,501,비엔케이저축은행,,입출금자유예금,prod0303,기업자유예금
보증_1315,505,IBK저축은행,입출금이 자유로운 상품,,,참~알찬 IBK저축은행 보통예금
보증_1316,505,IBK저축은행,입출금이 자유로운 상품,,,참~든든한 기업저축통장
보증_1317,505,IBK저축은행,입출금이 자유로운 상품,,,IBKSB e-파킹통장
보증_1318,505,IBK저축은행,목돈 굴리기 상품,,,참~기특한 IBK저축은행 정기예금
보증_1319,505,IBK저축은행,목돈 굴리기 상품,,,퇴직연금 정기예금
보증_1320,505,IBK저축은행,목돈 굴리기 상품,,,ISA 정기예금
보증_1321,505,IBK저축은행,목돈 굴리기 상품,,,IBKSB 회전정기예금 (변동금리)
보증_1322,505,IBK저축은행,목돈 마련 상품,,,참~똑똑한 IBK저축은행 신용부금
보증_1323,505,IBK저축은행,목돈 마련 상품,,,참~똑똑한 IBK저축은행 정기적금
보증_1324,505,IBK저축은행,목돈 마련 상품,,,참~똑똑한 IBK저축은행 자유적립예금
보증_1325,533,바로저축은행,,,,스마트단리정기예금
보증_1326,533,바로저축은행,,,,스마트복리정기예금
보증_1327,533,바로저축은행,,,,바로9ood 비대면정기예금(단리)
보증_1328,533,바로저축은행,,,,바로9ood 비대면정기예금(복리)
보증_1329,533,바로저축은행,,,,바로6개월 정기예금 단리식(비대면)
보증_1330,533,바로저축은행,,,,바로6개월 정기예금 복리식(비대면)
보증_1331,533,바로저축은행,,,,스마트정기적금
보증_1332,571,키움예스저축은행,,,,정기예금
보증_1333,571,키움예스저축은행,,,,회전yes정기예금
보증_1334,571,키움예스저축은행,,,,e-정기예금
보증_1335,571,키움예스저축은행,,,,e-회전yes정기예금
보증_1336,571,키움예스저축은행,,,,SB톡톡 정기예금(비대면)
보증_1337,571,키움예스저축은행,,,,SB톡톡 회전yes정기예금
보증_1338,571,키움예스저축은행,,,,퇴직연금 정기예금
보증_1339,571,키움예스저축은행,,,,키움yes정기예금신탁
보증_1340,571,키움예스저축은행,,,,ISA정기예금
보증_1341,571,키움예스저축은행,,,,키워드림 정기적금
보증_1342,571,키움예스저축은행,,,,키워드림 e-정기적금
보증_1343,571,키움예스저축은행,,,,SB톡톡 키워드림 정기적금
보증_1344,571,키움예스저축은행,,,,보통예금
보증_1345,571,키움예스저축은행,,,,e-보통예금
보증_1346,571,키움예스저축은행,,,,기업자유예금
보증_1347,571,키움예스저축은행,,,,e-기업자유예금
보증_1348,571,키움예스저축은행,,,,자유적립예금
보증_1349,571,키움예스저축은행,,,,표지어음 후취(판매종료)
보증_1350,571,키움예스저축은행,,,,키움히어로즈정기예금(판매종료)
보증_1351,571,키움예스저축은행,,,,키움yes오픈뱅킹적금(판매종료)
보증_1352,547,우리금융저축은행,,,,우리E음정기예금
보증_1353,547,우리금융저축은행,,,,정기예금
보증_1354,547,우리금융저축은행,,,,회전정기예금
보증_1355,547,우리금융저축은행,,,,우리E음파킹정기예금
보증_1356,547,우리금융저축은행,,,,우리E음정기적금_ESG
보증_1357,547,우리금융저축은행,,,,우리E음플러스정기적금
보증_1358,547,우리금융저축은행,,,,정기적금
보증_1359,547,우리금융저축은행,,,,TOK7적금
보증_1360,547,우리금융저축은행,,,,더 마니 드림 저축예금
보증_1361,547,우리금융저축은행,,,,첫번째 저축예금
보증_1362,547,우리금융저축은행,,,,우리 기업 자유예금
보증_1363,547,우리금융저축은행,,,,ISA 정기예금
보증_1364,547,우리금융저축은행,,,,퇴직연금 정기예금
보증_1365,554,예가람저축은행,목돈 굴리기 상품,,P000000087,e-회전정기예금
보증_1366,554,예가람저축은행,목돈 굴리기 상품,,P000000086,회전정기예금
보증_1367,554,예가람저축은행,목돈 굴리기 상품,,P000000018,e-정기예금
보증_1368,554,예가람저축은행,목돈 굴리기 상품,,P000000009,정기예금
보증_1369,554,예가람저축은행,목돈 굴리기 상품,,P000000037,e-안심Plus 정기예금
보증_1370,554,예가람저축은행,목돈 굴리기 상품,,P000000038,안심Plus 정기예금
보증_1371,554,예가람저축은행,목돈 굴리기 상품,,P000000010,표지어음
보증_1372,554,예가람저축은행,목돈 굴리기 상품,,P000000044,퇴직연금 정기예금
보증_1373,554,예가람저축은행,목돈 마련 상품,,P000000040,Hi! 예가람e정기적금
보증_1374,554,예가람저축은행,목돈 마련 상품,,P000000022,직장인 Plus정기적금
보증_1375,554,예가람저축은행,목돈 마련 상품,,P000000023,예가람멤버십정기적금
보증_1376,554,예가람저축은행,목돈 마련 상품,,P000000021,2030 Start정기적금
보증_1377,554,예가람저축은행,목돈 마련 상품,,P000000011,정기적금
보증_1378,554,예가람저축은행,목돈 마련 상품,,P000000024,자유적립예금
보증_1379,554,예가람저축은행,입출금자유예금상품,,P000000085,E-RUN파킹통장(예스뱅킹)
보증_1380,554,예가람저축은행,입출금자유예금상품,,P000000094,RUN파킹통장(개인/대면)
보증_1381,554,예가람저축은행,입출금자유예금상품,,P000000095,RUN파킹통장(개인사업자/대면)
보증_1382,554,예가람저축은행,입출금자유예금상품,,P000000096,RUN파킹통장(법인사업자/대면)
보증_1383,554,예가람저축은행,입출금자유예금상품,,P000000012,보통예금(입출금예금)
보증_1384,578,한화저축은행,,,,보통예금
보증_1385,578,한화저축은행,,,,플러스알파기업자유예금
보증_1386,578,한화저축은행,,,,라이프플러스 정기적금(정액식)
보증_1387,578,한화저축은행,,,,한화가족사랑 정기적금 자유식
보증_1388,578,한화저축은행,,,,한화가족사랑 정기적금 정액식
보증_1389,578,한화저축은행,,,,e뱅킹 정기적금(정액식)
보증_1390,578,한화저축은행,,,,e뱅킹 정기적금(자유식)
보증_1391,578,한화저축은행,,,,e뱅킹 정기적금(10만원)
보증_1392,578,한화저축은행,,,,한화가족사랑 정기예금 단리식
보증_1393,578,한화저축은행,,,,한화가족사랑 정기예금 복리식
보증_1394,578,한화저축은행,,,,한화자동연장 정기예금 단리식
보증_1395,578,한화저축은행,,,,한화자동연장 정기예금 복리식
보증_1396,578,한화저축은행,,,,한화회전 정기예금 단리식
보증_1397,578,한화저축은행,,,,한화회전 정기예금 복리식
보증_1398,578,한화저축은행,,,,e뱅킹 정기예금 단리식
보증_1399,578,한화저축은행,,,,e뱅킹 정기예금 복리식
보증_1400,578,한화저축은행,,,,한화회전(3개월) 정기예금 단리식
보증_1401,578,한화저축은행,,,,한화회전(3개월) 정기예금 복리식
보증_1402,578,한화저축은행,,,,한화회전(6개월) 정기예금 단리식
보증_1403,578,한화저축은행,,,,한화회전(6개월) 정기예금 복리식
보증_1404,578,한화저축은행,,,,한화 e-회전(3개월) 정기예금 단리식
보증_1405,578,한화저축은행,,,,한화 e-회전(3개월) 정기예금 복리식
보증_1406,578,한화저축은행,,,,한화 e-회전(6개월) 정기예금 단리식
보증_1407,578,한화저축은행,,,,한화 e-회전(6개월) 정기예금 복리식
보증_1408,578,한화저축은행,,,,한화 e-회전 정기예금 단리식
보증_1409,578,한화저축은행,,,,한화 e-회전 정기예금 복리식
보증_1410,578,한화저축은행,,,,자유적립예금
보증_1411,578,한화저축은행,,,,스마트정기예금 HS(한화)3호 복리식
보증_1412,578,한화저축은행,,,,스마트정기예금 HS(한화)1호 복리식
보증_1413,578,한화저축은행,,,,스마트정기예금 HS(한화)2호 복리식
보증_1414,578,한화저축은행,,,,스마트정기예금 HS(한화)3호 단리식
보증_1415,578,한화저축은행,,,,스마트정기예금 HS(한화)1호 단리식
보증_1416,578,한화저축은행,,,,스마트정기예금 HS(한화)2호 단리식
보증_1417,578,한화저축은행,,,,스마트정기예금 HS(한화)4호 단리식
보증_1418,578,한화저축은행,,,,스마트정기예금 HS(한화)4호 복리식
보증_1419,578,한화저축은행,,,,스마트정기예금 HS(한화)9호 단리식
보증_1420,578,한화저축은행,,,,스마트정기예금 HS(한화)9호 복리식
보증_1421,578,한화저축은행,,,,스마트정기예금 HS(한화)5호 단리식
보증_1422,578,한화저축은행,,,,스마트정기예금 HS(한화)5호 복리식
보증_1423,578,한화저축은행,,,,스마트정기예금 HS(한화)6호 단리식
보증_1424,578,한화저축은행,,,,스마트정기예금 HS(한화)6호 복리식
보증_1425,578,한화저축은행,,,,스마트정기예금 HS(한화)7호 단리식
보증_1426,578,한화저축은행,,,,스마트정기예금 HS(한화)7호 복리식
보증_1427,578,한화저축은행,,,,스마트정기예금 HS(한화)8호 단리식
보증_1428,578,한화저축은행,,,,스마트정기예금 HS(한화)8호 복리식
보증_1429,578,한화저축은행,,,,스마트정기예금 HS(한화)10호 단리식
보증_1430,578,한화저축은행,,,,스마트정기예금 HS(한화)10호 복리식
보증_1431,578,한화저축은행,,,,퇴직연금정기예금 DB형
보증_1432,578,한화저축은행,,,,퇴직연금정기예금 DC형
보증_1433,578,한화저축은행,,,,퇴직연금정기예금 IRP-개인형
보증_1434,578,한화저축은행,,,,퇴직연금정기예금 IRP-기업형
보증_1435,513,고려저축은행,,,P000000173,정기예금 단리(비대면)
보증_1436,513,고려저축은행,,,P000000174,정기예금 복리(비대면)
보증_1437,513,고려저축은행,,,P000000175,회전정기예금 단리(비대면)
보증_1438,513,고려저축은행,,,P000000176,회전정기예금 복리(비대면)
보증_1439,513,고려저축은행,,,P000000147,정기적금(비대면)
보증_1440,513,고려저축은행,,,P000000090,보고파 정기적금(비대면)
보증_1441,513,고려저축은행,,,P000000089,보고파 파킹통장 개인
보증_1442,574,푸른상호저축은행,,,,정기예금
보증_1443,574,푸른상호저축은행,,,,장기 정기예금
보증_1444,574,푸른상호저축은행,,,,표지어음
보증_1445,574,푸른상호저축은행,,,,퇴직연금 정기예금(DB)
보증_1446,574,푸른상호저축은행,,,,퇴직연금 정기예금(DC/IRP)
보증_1447,574,푸른상호저축은행,,,,정기적금
보증_1448,574,푸른상호저축은행,,,,프리스타일적금
보증_1449,574,푸른상호저축은행,,,,자유적립예금
보증_1450,574,푸른상호저축은행,,,,보통예금
보증_1451,574,푸른상호저축은행,,,,e-푸른 보통예금
보증_1452,542,스마트저축은행,,,,정기예금
보증_1453,542,스마트저축은행,,,,정기적금
보증_1454,542,스마트저축은행,,,,퇴직연금 정기예금
보증_1455,542,스마트저축은행,,,,비과세종합저축
보증_1456,542,스마트저축은행,,,,자유적립예금
보증_1457,542,스마트저축은행,,,,입출금자유예금
보증_1458,526,동원제일저축은행,목돈굴리기상품,,,정기예금
보증_1459,526,동원제일저축은행,목돈굴리기상품,,,정기예금(비대면)
보증_1460,526,동원제일저축은행,목돈굴리기상품,,,회전정기예금
보증_1461,526,동원제일저축은행,목돈굴리기상품,,,회전정기예금(비대면)
보증_1462,526,동원제일저축은행,목돈만들기상품,,,정기적금
보증_1463,526,동원제일저축은행,목돈만들기상품,,,정기적금(비대면)
보증_1464,526,동원제일저축은행,목돈만들기상품,,,자유적립예금
보증_1465,526,동원제일저축은행,입출금자유상품,,,보통예금
보증_1466,526,동원제일저축은행,입출금자유상품,,,보통예금(비대면)
보증_1467,88,신한은행,목돈만들기,,230011986,"신한 안녕, 반가워 적금"
보증_1468,88,신한은행,목돈만들기,,230011985,신한 알.쏠 적금
보증_1469,88,신한은행,목돈만들기,,230011807,신한 스마트 적금
보증_1470,88,신한은행,목돈만들기,,230012001,신한 S드림(DREAM)적금
보증_1471,88,신한은행,목돈만들기,,230011944,신한 사업자 성공기원적금(자유적립식)
보증_1472,88,신한은행,목돈만들기,,230011943,신한 사업자 성공기원적금(정기적립식)
보증_1473,88,신한은행,목돈만들기,,230011984,신한 가맹점 Swing 적금
보증_1474,88,신한은행,목돈굴리기,,200013512,쏠편한 정기예금
보증_1475,88,신한은행,주택청약,,223000201,마이홈플랜 주택청약 종합저축
보증_1476,88,신한은행,지수연동예금상품,,209240101,세이프지수연동예금 KOSPI200 상승형 24-01호(6개월)
보증_1477,88,신한은행,지수연동예금상품,,209240102,세이프지수연동예금 KOSPI200 보장강화 상승형 24-01호(1년)
보증_1478,88,신한은행,지수연동예금상품,,209240103,세이프지수연동예금 KOSPI200 최소보장 상승형 24-01호(1년)
보증_1479,88,신한은행,입출금자유,,110003904,쏠편한 입출금통장
보증_1480,88,신한은행,입출금자유,,110004601,한달愛(애)저금통
보증_1481,88,신한은행,입출금자유,,110003101,신한 S-MORE 포인트통장
보증_1482,88,신한은행,입출금자유,,110003902,신한 주거래 SOHO사업자통장 (저축예금)
보증_1483,88,신한은행,입출금자유,,110003901,신한 주거래 우대통장(저축예금)
보증_1484,88,신한은행,입출금자유,,110004301,신한 주거래 미래설계통장
보증_1485,88,신한은행,목돈만들기,,230011996,패밀리 상생 적금
보증_1486,88,신한은행,목돈만들기,,230010971,신한 청년도약계좌
보증_1487,88,신한은행,목돈만들기,,230012402,신한 쏠만해 적금
보증_1488,88,신한은행,목돈만들기,,230011994,신한 연금 저축왕 적금
보증_1489,88,신한은행,목돈만들기,,230011814,한 달부터 적금 (매주)
보증_1490,88,신한은행,목돈만들기,,230011815,한 달부터 적금 (매일)
보증_1491,88,신한은행,목돈만들기,,230010967,신한 마이홈 적금
보증_1492,88,신한은행,목돈만들기,,230011987,아름다운 용기 적금
보증_1493,88,신한은행,목돈만들기,,230011809,신한 땡겨요 적금
보증_1494,88,신한은행,목돈만들기,,230011811,쏠편한 작심3일 적금
보증_1495,88,신한은행,목돈만들기,,230020002,쏠편한 선물하는 적금
보증_1496,88,신한은행,목돈만들기,,230010966,신한 장병내일준비 적금
보증_1497,88,신한은행,목돈만들기,,230012102,신한 MY 주니어 적금
보증_1498,88,신한은행,목돈만들기,,230011951,신한 군인행복적금
보증_1499,88,신한은행,목돈만들기,,230000103,정기적금
보증_1500,88,신한은행,목돈만들기,,230011920,신한 새희망 적금
보증_1501,88,신한은행,목돈만들기,,230012201,신한 미소드림 적금
보증_1502,88,신한은행,목돈만들기,,230014001,신한 더드림 적금(외국인)
보증_1503,88,신한은행,목돈만들기,,230012003,신한 S드림(DREAM)기업적금
보증_1504,88,신한은행,목돈만들기,,230011501,디딤씨앗 적립예금
보증_1505,88,신한은행,목돈만들기,,230012405,쓸수록 모이는 소비적금
보증_1506,88,신한은행,목돈만들기,,230012011,신한 청년 드림(DREAM) 적금(인천시)
보증_1507,88,신한은행,목돈굴리기,,200013416,신한 My플러스 정기예금
보증_1508,88,신한은행,목돈굴리기,,200012129,신한 프리미어 토지보상 정기예금
보증_1509,88,신한은행,목돈굴리기,,200013601,신한 S드림(DREAM)정기예금
보증_1510,88,신한은행,목돈굴리기,,200003401,Tops 회전 정기예금
보증_1511,88,신한은행,목돈굴리기,,200008001,Tops CD연동 정기예금
보증_1512,88,신한은행,목돈굴리기,,200003725,미래설계 장기플랜 연금예금
보증_1513,88,신한은행,목돈굴리기,,200003715,미래설계 크레바스 연금예금
보증_1514,88,신한은행,목돈굴리기,,200004005,TOPS 보증 정기예금(기명식)
보증_1515,88,신한은행,목돈굴리기,,213000101,표지어음
보증_1516,88,신한은행,목돈굴리기,,210000301,양도성 예금증서 (CD)
보증_1517,88,신한은행,목돈굴리기,,200000103,정기예금
보증_1518,88,신한은행,목돈굴리기,,200013117,신한은행 퇴직연금 정기예금(DB)
보증_1519,88,신한은행,목돈굴리기,,200013116,신한은행 퇴직연금 정기예금(DC/IRP)
보증_1520,88,신한은행,입출금자유,,110006601,Hey Young 머니박스
보증_1521,88,신한은행,입출금자유,,110006501,신한 My 주니어 통장
보증_1522,88,신한은행,입출금자유,,100006002,신한 창업진흥원 스타트업 통장
보증_1523,88,신한은행,입출금자유,,110000201,수퍼저축예금
보증_1524,88,신한은행,입출금자유,,140002701,신한 쏠비즈 기업통장
보증_1525,88,신한은행,입출금자유,,134000401,신한 취업이룸 통장
보증_1526,88,신한은행,입출금자유,,130000101,국민연금 安心통장
보증_1527,88,신한은행,입출금자유,,134000101,신한 군인연금 평생안심통장
보증_1528,88,신한은행,입출금자유,,131000101,신한 행복지킴이 통장
보증_1529,88,신한은행,입출금자유,,132000101,신한 공무원연금 평생안심통장
보증_1530,88,신한은행,입출금자유,,110000101,저축예금
보증_1531,88,신한은행,입출금자유,,100006001,신한 보조금 전용 통장
보증_1532,88,신한은행,입출금자유,,133000101,신한 호국보훈지킴이 통장
보증_1533,88,신한은행,입출금자유,,133000201,신한 희망지킴이 통장
보증_1534,88,신한은행,입출금자유,,155000101,가계당좌예금
보증_1535,88,신한은행,입출금자유,,100001101,신한 G1(지원) 금거래계좌
보증_1536,88,신한은행,입출금자유,,100001901,신한 연구&사업비 우대통장(보통예금)
보증_1537,88,신한은행,입출금자유,,100002201,부가가치세 매입자 납부계좌(보통예금)
보증_1538,88,신한은행,입출금자유,,150000101,당좌예금
보증_1539,88,신한은행,입출금자유,,161000101,국고예금
보증_1540,88,신한은행,입출금자유,,140002401,신한 하도급지킴이 기업통장
보증_1541,88,신한은행,입출금자유,,100001002,유치원·보육&복지시설 우대통장(보통예금)
보증_1542,88,신한은행,입출금자유,,140002702,더존 X 신한 쏠비즈 기업통장 (기업자유예금)
보증_1543,88,신한은행,입출금자유,,134000301,신한 임금채권 전용통장
보증_1544,88,신한은행,입출금자유,,134000201,신한 주택연금 지킴이 통장
보증_1545,88,신한은행,입출금자유,,100004001,신한 보증서담보대출 입금전용계좌
보증_1546,88,신한은행,입출금자유,,110002601,신한 My World 송금통장 저축예금
보증_1547,88,신한은행,입출금자유,,110001901,한마음 당선 기원 통장
보증_1548,88,신한은행,주택청약,,223000401,"청년 우대형 주택청약종합저축(사업,기타소득자용)"
보증_1549,88,신한은행,주택청약,,223000301,청년 우대형 주택청약종합저축(근로소득자용)
보증_1550,293,한국증권금융,입·출금이 자유로운 예수금,,,증금와이드예수금
보증_1551,293,한국증권금융,,,,(대고객)환매조건부매도(RP)
보증_1552,293,한국증권금융,,,,발행어음
